id	Date	Type	Iteration	Office	Office Scope	Role	Role Scope	State	Territory	City	County	District	 Town	Township	Ward	Parish	Populated Place	Hundred	Borough	Name	Name ID	Affiliation	Affiliation ID	Vote
mi.delegate.1823	1823	General	First Ballot	U.S. House of Representatives	Federal	Territorial Delegate	Federal		Michigan											Gabriel Richard	RG0004	null	null	444
mi.delegate.1823	1823	General	First Ballot	U.S. House of Representatives	Federal	Territorial Delegate	Federal		Michigan											John Biddle	BJ1496	null	null	421
mi.delegate.1823	1823	General	First Ballot	U.S. House of Representatives	Federal	Territorial Delegate	Federal		Michigan											Austin E. Wing	WA0023	null	null	335
mi.delegate.1823	1823	General	First Ballot	U.S. House of Representatives	Federal	Territorial Delegate	Federal		Michigan											Andrew G. Whitney	WA0025	null	null	165
mi.delegate.1823	1823	General	First Ballot	U.S. House of Representatives	Federal	Territorial Delegate	Federal		Michigan											James MacCloskey	MJ0359	null	null	164
mi.delegate.1823	1823	General	First Ballot	U.S. House of Representatives	Federal	Territorial Delegate	Federal		Michigan											John R. Williams	WJ0310	null	null	51
mi.delegate.1823	1823	General	First Ballot	U.S. House of Representatives	Federal	Territorial Delegate	Federal		Michigan											Abraham Edwards	EA0004	null	null	1
mi.delegate.1823	1823	General	First Ballot	U.S. House of Representatives	Federal	Territorial Delegate	Federal		Michigan		Brown									John Biddle	BJ1496	null	null	87
mi.delegate.1823	1823	General	First Ballot	U.S. House of Representatives	Federal	Territorial Delegate	Federal		Michigan		Brown									James MacCloskey	MJ0359	null	null	5
mi.delegate.1823	1823	General	First Ballot	U.S. House of Representatives	Federal	Territorial Delegate	Federal		Michigan		Crawford									John Biddle	BJ1496	null	null	82
mi.delegate.1823	1823	General	First Ballot	U.S. House of Representatives	Federal	Territorial Delegate	Federal		Michigan		Crawford									Austin E. Wing	WA0023	null	null	1
mi.delegate.1823	1823	General	First Ballot	U.S. House of Representatives	Federal	Territorial Delegate	Federal		Michigan		Macomb									Gabriel Richard	RG0004	null	null	41
mi.delegate.1823	1823	General	First Ballot	U.S. House of Representatives	Federal	Territorial Delegate	Federal		Michigan		Macomb									John Biddle	BJ1496	null	null	13
mi.delegate.1823	1823	General	First Ballot	U.S. House of Representatives	Federal	Territorial Delegate	Federal		Michigan		Macomb									Austin E. Wing	WA0023	null	null	23
mi.delegate.1823	1823	General	First Ballot	U.S. House of Representatives	Federal	Territorial Delegate	Federal		Michigan		Macomb									Andrew G. Whitney	WA0025	null	null	3
mi.delegate.1823	1823	General	First Ballot	U.S. House of Representatives	Federal	Territorial Delegate	Federal		Michigan		Macomb									James MacCloskey	MJ0359	null	null	22
mi.delegate.1823	1823	General	First Ballot	U.S. House of Representatives	Federal	Territorial Delegate	Federal		Michigan		Macomb									John R. Williams	WJ0310	null	null	9
mi.delegate.1823	1823	General	First Ballot	U.S. House of Representatives	Federal	Territorial Delegate	Federal		Michigan		Michilimackinac									John Biddle	BJ1496	null	null	115
mi.delegate.1823	1823	General	First Ballot	U.S. House of Representatives	Federal	Territorial Delegate	Federal		Michigan		Michilimackinac									Austin E. Wing	WA0023	null	null	3
mi.delegate.1823	1823	General	First Ballot	U.S. House of Representatives	Federal	Territorial Delegate	Federal		Michigan		Michilimackinac									Andrew G. Whitney	WA0025	null	null	21
mi.delegate.1823	1823	General	First Ballot	U.S. House of Representatives	Federal	Territorial Delegate	Federal		Michigan		Monroe									Gabriel Richard	RG0004	null	null	177
mi.delegate.1823	1823	General	First Ballot	U.S. House of Representatives	Federal	Territorial Delegate	Federal		Michigan		Monroe									John Biddle	BJ1496	null	null	4
mi.delegate.1823	1823	General	First Ballot	U.S. House of Representatives	Federal	Territorial Delegate	Federal		Michigan		Monroe									Austin E. Wing	WA0023	null	null	86
mi.delegate.1823	1823	General	First Ballot	U.S. House of Representatives	Federal	Territorial Delegate	Federal		Michigan		Monroe									Andrew G. Whitney	WA0025	null	null	2
mi.delegate.1823	1823	General	First Ballot	U.S. House of Representatives	Federal	Territorial Delegate	Federal		Michigan		Monroe									James MacCloskey	MJ0359	null	null	20
mi.delegate.1823	1823	General	First Ballot	U.S. House of Representatives	Federal	Territorial Delegate	Federal		Michigan		Monroe									John R. Williams	WJ0310	null	null	1
mi.delegate.1823	1823	General	First Ballot	U.S. House of Representatives	Federal	Territorial Delegate	Federal		Michigan		Oakland									John Biddle	BJ1496	null	null	66
mi.delegate.1823	1823	General	First Ballot	U.S. House of Representatives	Federal	Territorial Delegate	Federal		Michigan		Oakland									Austin E. Wing	WA0023	null	null	65
mi.delegate.1823	1823	General	First Ballot	U.S. House of Representatives	Federal	Territorial Delegate	Federal		Michigan		Oakland									Andrew G. Whitney	WA0025	null	null	8
mi.delegate.1823	1823	General	First Ballot	U.S. House of Representatives	Federal	Territorial Delegate	Federal		Michigan		Oakland									James MacCloskey	MJ0359	null	null	41
mi.delegate.1823	1823	General	First Ballot	U.S. House of Representatives	Federal	Territorial Delegate	Federal		Michigan		Saint Clair									Gabriel Richard	RG0004	null	null	30
mi.delegate.1823	1823	General	First Ballot	U.S. House of Representatives	Federal	Territorial Delegate	Federal		Michigan		Saint Clair									John Biddle	BJ1496	null	null	2
mi.delegate.1823	1823	General	First Ballot	U.S. House of Representatives	Federal	Territorial Delegate	Federal		Michigan		Saint Clair									Austin E. Wing	WA0023	null	null	25
mi.delegate.1823	1823	General	First Ballot	U.S. House of Representatives	Federal	Territorial Delegate	Federal		Michigan		Saint Clair									Andrew G. Whitney	WA0025	null	null	21
mi.delegate.1823	1823	General	First Ballot	U.S. House of Representatives	Federal	Territorial Delegate	Federal		Michigan		Saint Clair									James MacCloskey	MJ0359	null	null	2
mi.delegate.1823	1823	General	First Ballot	U.S. House of Representatives	Federal	Territorial Delegate	Federal		Michigan		Saint Clair									John R. Williams	WJ0310	null	null	9
mi.delegate.1823	1823	General	First Ballot	U.S. House of Representatives	Federal	Territorial Delegate	Federal		Michigan		Wayne									Gabriel Richard	RG0004	null	null	187
mi.delegate.1823	1823	General	First Ballot	U.S. House of Representatives	Federal	Territorial Delegate	Federal		Michigan		Wayne									John Biddle	BJ1496	null	null	51
mi.delegate.1823	1823	General	First Ballot	U.S. House of Representatives	Federal	Territorial Delegate	Federal		Michigan		Wayne									Austin E. Wing	WA0023	null	null	133
mi.delegate.1823	1823	General	First Ballot	U.S. House of Representatives	Federal	Territorial Delegate	Federal		Michigan		Wayne									Andrew G. Whitney	WA0025	null	null	110
mi.delegate.1823	1823	General	First Ballot	U.S. House of Representatives	Federal	Territorial Delegate	Federal		Michigan		Wayne									James MacCloskey	MJ0359	null	null	74
mi.delegate.1823	1823	General	First Ballot	U.S. House of Representatives	Federal	Territorial Delegate	Federal		Michigan		Wayne									John R. Williams	WJ0310	null	null	41
mi.delegate.1823	1823	General	First Ballot	U.S. House of Representatives	Federal	Territorial Delegate	Federal		Michigan		Wayne									Abraham Edwards	EA0004	null	null	1
mi.council.1823	1823	General	First Ballot	Legislative Council	Territory	Legislative Councillor	Territory		Michigan											Abraham Edwards	EA0004	null	null	1185
mi.council.1823	1823	General	First Ballot	Legislative Council	Territory	Legislative Councillor	Territory		Michigan											Stephen Mack	MS0084	null	null	1167
mi.council.1823	1823	General	First Ballot	Legislative Council	Territory	Legislative Councillor	Territory		Michigan											William H. Puthuff	PW0028	null	null	1069
mi.council.1823	1823	General	First Ballot	Legislative Council	Territory	Legislative Councillor	Territory		Michigan											Wolcott Lawrence	LW0220	null	null	956
mi.council.1823	1823	General	First Ballot	Legislative Council	Territory	Legislative Councillor	Territory		Michigan											Robert Irwin Jr.	IR0001	null	null	903
mi.council.1823	1823	General	First Ballot	Legislative Council	Territory	Legislative Councillor	Territory		Michigan											John Stockton	SJ0550	null	null	826
mi.council.1823	1823	General	First Ballot	Legislative Council	Territory	Legislative Councillor	Territory		Michigan											Roger Sprague	SR0288	null	null	807
mi.council.1823	1823	General	First Ballot	Legislative Council	Territory	Legislative Councillor	Territory		Michigan											Zephaniah W. Bunce	BZ0004	null	null	741
mi.council.1823	1823	General	First Ballot	Legislative Council	Territory	Legislative Councillor	Territory		Michigan											Hubert Lacroix	LH0042	null	null	711
mi.council.1823	1823	General	First Ballot	Legislative Council	Territory	Legislative Councillor	Territory		Michigan											Joseph Miller	MJ1324	null	null	625
mi.council.1823	1823	General	First Ballot	Legislative Council	Territory	Legislative Councillor	Territory		Michigan											Solomon Sibley	SS0143	null	null	610
mi.council.1823	1823	General	First Ballot	Legislative Council	Territory	Legislative Councillor	Territory		Michigan											William Brown	BW0443	null	null	587
mi.council.1823	1823	General	First Ballot	Legislative Council	Territory	Legislative Councillor	Territory		Michigan											Ebenezer Reed	RE0020	null	null	573
mi.council.1823	1823	General	First Ballot	Legislative Council	Territory	Legislative Councillor	Territory		Michigan											Louis Beufait	BL0087	null	null	572
mi.council.1823	1823	General	First Ballot	Legislative Council	Territory	Legislative Councillor	Territory		Michigan											Francois Navarre	NF0008	null	null	556
mi.council.1823	1823	General	First Ballot	Legislative Council	Territory	Legislative Councillor	Territory		Michigan											Benjamin F. Stickney 	SB0056	null	null	550
mi.council.1823	1823	General	First Ballot	Legislative Council	Territory	Legislative Councillor	Territory		Michigan											Laurent Durocher	DL0049	null	null	549
mi.council.1823	1823	General	First Ballot	Legislative Council	Territory	Legislative Councillor	Territory		Michigan											Harry Conant	CH0134	null	null	503
mi.council.1823	1823	General	First Ballot	Legislative Council	Territory	Legislative Councillor	Territory		Michigan		Brown									Abraham Edwards	EA0004	null	null	80
mi.council.1823	1823	General	First Ballot	Legislative Council	Territory	Legislative Councillor	Territory		Michigan		Brown									Stephen Mack	MS0084	null	null	80
mi.council.1823	1823	General	First Ballot	Legislative Council	Territory	Legislative Councillor	Territory		Michigan		Brown									William H. Puthuff	PW0028	null	null	75
mi.council.1823	1823	General	First Ballot	Legislative Council	Territory	Legislative Councillor	Territory		Michigan		Brown									Robert Irwin Jr.	IR0001	null	null	31
mi.council.1823	1823	General	First Ballot	Legislative Council	Territory	Legislative Councillor	Territory		Michigan		Brown									Zephaniah W. Bunce	BZ0004	null	null	33
mi.council.1823	1823	General	First Ballot	Legislative Council	Territory	Legislative Councillor	Territory		Michigan		Brown									Hubert Lacroix	LH0042	null	null	52
mi.council.1823	1823	General	First Ballot	Legislative Council	Territory	Legislative Councillor	Territory		Michigan		Brown									Solomon Sibley	SS0143	null	null	30
mi.council.1823	1823	General	First Ballot	Legislative Council	Territory	Legislative Councillor	Territory		Michigan		Brown									Ebenezer Reed	RE0020	null	null	7
mi.council.1823	1823	General	First Ballot	Legislative Council	Territory	Legislative Councillor	Territory		Michigan		Brown									Louis Beufait	BL0087	null	null	45
mi.council.1823	1823	General	First Ballot	Legislative Council	Territory	Legislative Councillor	Territory		Michigan		Brown									Francois Navarre	NF0008	null	null	56
mi.council.1823	1823	General	First Ballot	Legislative Council	Territory	Legislative Councillor	Territory		Michigan		Crawford									Abraham Edwards	EA0004	null	null	82
mi.council.1823	1823	General	First Ballot	Legislative Council	Territory	Legislative Councillor	Territory		Michigan		Crawford									Stephen Mack	MS0084	null	null	82
mi.council.1823	1823	General	First Ballot	Legislative Council	Territory	Legislative Councillor	Territory		Michigan		Crawford									William H. Puthuff	PW0028	null	null	82
mi.council.1823	1823	General	First Ballot	Legislative Council	Territory	Legislative Councillor	Territory		Michigan		Crawford									Wolcott Lawrence	LW0220	null	null	82
mi.council.1823	1823	General	First Ballot	Legislative Council	Territory	Legislative Councillor	Territory		Michigan		Crawford									Robert Irwin Jr.	IR0001	null	null	82
mi.council.1823	1823	General	First Ballot	Legislative Council	Territory	Legislative Councillor	Territory		Michigan		Crawford									John Stockton	SJ0550	null	null	82
mi.council.1823	1823	General	First Ballot	Legislative Council	Territory	Legislative Councillor	Territory		Michigan		Crawford									Zephaniah W. Bunce	BZ0004	null	null	82
mi.council.1823	1823	General	First Ballot	Legislative Council	Territory	Legislative Councillor	Territory		Michigan		Crawford									Ebenezer Reed	RE0020	null	null	82
mi.council.1823	1823	General	First Ballot	Legislative Council	Territory	Legislative Councillor	Territory		Michigan		Macomb									Abraham Edwards	EA0004	null	null	103
mi.council.1823	1823	General	First Ballot	Legislative Council	Territory	Legislative Councillor	Territory		Michigan		Macomb									Stephen Mack	MS0084	null	null	109
mi.council.1823	1823	General	First Ballot	Legislative Council	Territory	Legislative Councillor	Territory		Michigan		Macomb									William H. Puthuff	PW0028	null	null	70
mi.council.1823	1823	General	First Ballot	Legislative Council	Territory	Legislative Councillor	Territory		Michigan		Macomb									Wolcott Lawrence	LW0220	null	null	27
mi.council.1823	1823	General	First Ballot	Legislative Council	Territory	Legislative Councillor	Territory		Michigan		Macomb									Robert Irwin Jr.	IR0001	null	null	103
mi.council.1823	1823	General	First Ballot	Legislative Council	Territory	Legislative Councillor	Territory		Michigan		Macomb									John Stockton	SJ0550	null	null	63
mi.council.1823	1823	General	First Ballot	Legislative Council	Territory	Legislative Councillor	Territory		Michigan		Macomb									Roger Sprague	SR0288	null	null	99
mi.council.1823	1823	General	First Ballot	Legislative Council	Territory	Legislative Councillor	Territory		Michigan		Macomb									Zephaniah W. Bunce	BZ0004	null	null	67
mi.council.1823	1823	General	First Ballot	Legislative Council	Territory	Legislative Councillor	Territory		Michigan		Macomb									Hubert Lacroix	LH0042	null	null	81
mi.council.1823	1823	General	First Ballot	Legislative Council	Territory	Legislative Councillor	Territory		Michigan		Macomb									Joseph Miller	MJ1324	null	null	57
mi.council.1823	1823	General	First Ballot	Legislative Council	Territory	Legislative Councillor	Territory		Michigan		Macomb									Solomon Sibley	SS0143	null	null	27
mi.council.1823	1823	General	First Ballot	Legislative Council	Territory	Legislative Councillor	Territory		Michigan		Macomb									William Brown	BW0443	null	null	59
mi.council.1823	1823	General	First Ballot	Legislative Council	Territory	Legislative Councillor	Territory		Michigan		Macomb									Ebenezer Reed	RE0020	null	null	19
mi.council.1823	1823	General	First Ballot	Legislative Council	Territory	Legislative Councillor	Territory		Michigan		Macomb									Louis Beufait	BL0087	null	null	56
mi.council.1823	1823	General	First Ballot	Legislative Council	Territory	Legislative Councillor	Territory		Michigan		Macomb									Francois Navarre	NF0008	null	null	55
mi.council.1823	1823	General	First Ballot	Legislative Council	Territory	Legislative Councillor	Territory		Michigan		Macomb									Benjamin F. Stickney 	SB0056	null	null	28
mi.council.1823	1823	General	First Ballot	Legislative Council	Territory	Legislative Councillor	Territory		Michigan		Macomb									Laurent Durocher	DL0049	null	null	34
mi.council.1823	1823	General	First Ballot	Legislative Council	Territory	Legislative Councillor	Territory		Michigan		Macomb									Harry Conant	CH0134	null	null	26
mi.council.1823	1823	General	First Ballot	Legislative Council	Territory	Legislative Councillor	Territory		Michigan		Michilimackinac									William H. Puthuff	PW0028	null	null	138
mi.council.1823	1823	General	First Ballot	Legislative Council	Territory	Legislative Councillor	Territory		Michigan		Michilimackinac									Robert Irwin Jr.	IR0001	null	null	1
mi.council.1823	1823	General	First Ballot	Legislative Council	Territory	Legislative Councillor	Territory		Michigan		Monroe									Abraham Edwards	EA0004	null	null	288
mi.council.1823	1823	General	First Ballot	Legislative Council	Territory	Legislative Councillor	Territory		Michigan		Monroe									Stephen Mack	MS0084	null	null	285
mi.council.1823	1823	General	First Ballot	Legislative Council	Territory	Legislative Councillor	Territory		Michigan		Monroe									William H. Puthuff	PW0028	null	null	106
mi.council.1823	1823	General	First Ballot	Legislative Council	Territory	Legislative Councillor	Territory		Michigan		Monroe									Wolcott Lawrence	LW0220	null	null	282
mi.council.1823	1823	General	First Ballot	Legislative Council	Territory	Legislative Councillor	Territory		Michigan		Monroe									Robert Irwin Jr.	IR0001	null	null	88
mi.council.1823	1823	General	First Ballot	Legislative Council	Territory	Legislative Councillor	Territory		Michigan		Monroe									John Stockton	SJ0550	null	null	273
mi.council.1823	1823	General	First Ballot	Legislative Council	Territory	Legislative Councillor	Territory		Michigan		Monroe									Roger Sprague	SR0288	null	null	252
mi.council.1823	1823	General	First Ballot	Legislative Council	Territory	Legislative Councillor	Territory		Michigan		Monroe									Zephaniah W. Bunce	BZ0004	null	null	265
mi.council.1823	1823	General	First Ballot	Legislative Council	Territory	Legislative Councillor	Territory		Michigan		Monroe									Hubert Lacroix	LH0042	null	null	127
mi.council.1823	1823	General	First Ballot	Legislative Council	Territory	Legislative Councillor	Territory		Michigan		Monroe									Joseph Miller	MJ1324	null	null	87
mi.council.1823	1823	General	First Ballot	Legislative Council	Territory	Legislative Councillor	Territory		Michigan		Monroe									Solomon Sibley	SS0143	null	null	75
mi.council.1823	1823	General	First Ballot	Legislative Council	Territory	Legislative Councillor	Territory		Michigan		Monroe									William Brown	BW0443	null	null	190
mi.council.1823	1823	General	First Ballot	Legislative Council	Territory	Legislative Councillor	Territory		Michigan		Monroe									Ebenezer Reed	RE0020	null	null	188
mi.council.1823	1823	General	First Ballot	Legislative Council	Territory	Legislative Councillor	Territory		Michigan		Monroe									Louis Beufait	BL0087	null	null	192
mi.council.1823	1823	General	First Ballot	Legislative Council	Territory	Legislative Councillor	Territory		Michigan		Monroe									Francois Navarre	NF0008	null	null	195
mi.council.1823	1823	General	First Ballot	Legislative Council	Territory	Legislative Councillor	Territory		Michigan		Monroe									Benjamin F. Stickney 	SB0056	null	null	89
mi.council.1823	1823	General	First Ballot	Legislative Council	Territory	Legislative Councillor	Territory		Michigan		Monroe									Laurent Durocher	DL0049	null	null	202
mi.council.1823	1823	General	First Ballot	Legislative Council	Territory	Legislative Councillor	Territory		Michigan		Monroe									Harry Conant	CH0134	null	null	85
mi.council.1823	1823	General	First Ballot	Legislative Council	Territory	Legislative Councillor	Territory		Michigan		Oakland									Abraham Edwards	EA0004	null	null	152
mi.council.1823	1823	General	First Ballot	Legislative Council	Territory	Legislative Councillor	Territory		Michigan		Oakland									Stephen Mack	MS0084	null	null	173
mi.council.1823	1823	General	First Ballot	Legislative Council	Territory	Legislative Councillor	Territory		Michigan		Oakland									William H. Puthuff	PW0028	null	null	156
mi.council.1823	1823	General	First Ballot	Legislative Council	Territory	Legislative Councillor	Territory		Michigan		Oakland									Wolcott Lawrence	LW0220	null	null	111
mi.council.1823	1823	General	First Ballot	Legislative Council	Territory	Legislative Councillor	Territory		Michigan		Oakland									Robert Irwin Jr.	IR0001	null	null	173
mi.council.1823	1823	General	First Ballot	Legislative Council	Territory	Legislative Councillor	Territory		Michigan		Oakland									John Stockton	SJ0550	null	null	81
mi.council.1823	1823	General	First Ballot	Legislative Council	Territory	Legislative Councillor	Territory		Michigan		Oakland									Roger Sprague	SR0288	null	null	138
mi.council.1823	1823	General	First Ballot	Legislative Council	Territory	Legislative Councillor	Territory		Michigan		Oakland									Zephaniah W. Bunce	BZ0004	null	null	50
mi.council.1823	1823	General	First Ballot	Legislative Council	Territory	Legislative Councillor	Territory		Michigan		Oakland									Hubert Lacroix	LH0042	null	null	80
mi.council.1823	1823	General	First Ballot	Legislative Council	Territory	Legislative Councillor	Territory		Michigan		Oakland									Joseph Miller	MJ1324	null	null	106
mi.council.1823	1823	General	First Ballot	Legislative Council	Territory	Legislative Councillor	Territory		Michigan		Oakland									Solomon Sibley	SS0143	null	null	156
mi.council.1823	1823	General	First Ballot	Legislative Council	Territory	Legislative Councillor	Territory		Michigan		Oakland									William Brown	BW0443	null	null	20
mi.council.1823	1823	General	First Ballot	Legislative Council	Territory	Legislative Councillor	Territory		Michigan		Oakland									Ebenezer Reed	RE0020	null	null	39
mi.council.1823	1823	General	First Ballot	Legislative Council	Territory	Legislative Councillor	Territory		Michigan		Oakland									Francois Navarre	NF0008	null	null	1
mi.council.1823	1823	General	First Ballot	Legislative Council	Territory	Legislative Councillor	Territory		Michigan		Oakland									Benjamin F. Stickney 	SB0056	null	null	129
mi.council.1823	1823	General	First Ballot	Legislative Council	Territory	Legislative Councillor	Territory		Michigan		Oakland									Laurent Durocher	DL0049	null	null	11
mi.council.1823	1823	General	First Ballot	Legislative Council	Territory	Legislative Councillor	Territory		Michigan		Oakland									Harry Conant	CH0134	null	null	110
mi.council.1823	1823	General	First Ballot	Legislative Council	Territory	Legislative Councillor	Territory		Michigan		Saint Clair									Abraham Edwards	EA0004	null	null	76
mi.council.1823	1823	General	First Ballot	Legislative Council	Territory	Legislative Councillor	Territory		Michigan		Saint Clair									Stephen Mack	MS0084	null	null	66
mi.council.1823	1823	General	First Ballot	Legislative Council	Territory	Legislative Councillor	Territory		Michigan		Saint Clair									William H. Puthuff	PW0028	null	null	78
mi.council.1823	1823	General	First Ballot	Legislative Council	Territory	Legislative Councillor	Territory		Michigan		Saint Clair									Wolcott Lawrence	LW0220	null	null	44
mi.council.1823	1823	General	First Ballot	Legislative Council	Territory	Legislative Councillor	Territory		Michigan		Saint Clair									Robert Irwin Jr.	IR0001	null	null	71
mi.council.1823	1823	General	First Ballot	Legislative Council	Territory	Legislative Councillor	Territory		Michigan		Saint Clair									John Stockton	SJ0550	null	null	59
mi.council.1823	1823	General	First Ballot	Legislative Council	Territory	Legislative Councillor	Territory		Michigan		Saint Clair									Roger Sprague	SR0288	null	null	35
mi.council.1823	1823	General	First Ballot	Legislative Council	Territory	Legislative Councillor	Territory		Michigan		Saint Clair									Zephaniah W. Bunce	BZ0004	null	null	58
mi.council.1823	1823	General	First Ballot	Legislative Council	Territory	Legislative Councillor	Territory		Michigan		Saint Clair									Hubert Lacroix	LH0042	null	null	36
mi.council.1823	1823	General	First Ballot	Legislative Council	Territory	Legislative Councillor	Territory		Michigan		Saint Clair									Joseph Miller	MJ1324	null	null	117
mi.council.1823	1823	General	First Ballot	Legislative Council	Territory	Legislative Councillor	Territory		Michigan		Saint Clair									Solomon Sibley	SS0143	null	null	60
mi.council.1823	1823	General	First Ballot	Legislative Council	Territory	Legislative Councillor	Territory		Michigan		Saint Clair									William Brown	BW0443	null	null	7
mi.council.1823	1823	General	First Ballot	Legislative Council	Territory	Legislative Councillor	Territory		Michigan		Saint Clair									Ebenezer Reed	RE0020	null	null	23
mi.council.1823	1823	General	First Ballot	Legislative Council	Territory	Legislative Councillor	Territory		Michigan		Saint Clair									Louis Beufait	BL0087	null	null	33
mi.council.1823	1823	General	First Ballot	Legislative Council	Territory	Legislative Councillor	Territory		Michigan		Saint Clair									Francois Navarre	NF0008	null	null	17
mi.council.1823	1823	General	First Ballot	Legislative Council	Territory	Legislative Councillor	Territory		Michigan		Saint Clair									Benjamin F. Stickney 	SB0056	null	null	39
mi.council.1823	1823	General	First Ballot	Legislative Council	Territory	Legislative Councillor	Territory		Michigan		Saint Clair									Laurent Durocher	DL0049	null	null	24
mi.council.1823	1823	General	First Ballot	Legislative Council	Territory	Legislative Councillor	Territory		Michigan		Saint Clair									Harry Conant	CH0134	null	null	38
mi.council.1823	1823	General	First Ballot	Legislative Council	Territory	Legislative Councillor	Territory		Michigan		Wayne									Abraham Edwards	EA0004	null	null	404
mi.council.1823	1823	General	First Ballot	Legislative Council	Territory	Legislative Councillor	Territory		Michigan		Wayne									Stephen Mack	MS0084	null	null	372
mi.council.1823	1823	General	First Ballot	Legislative Council	Territory	Legislative Councillor	Territory		Michigan		Wayne									William H. Puthuff	PW0028	null	null	364
mi.council.1823	1823	General	First Ballot	Legislative Council	Territory	Legislative Councillor	Territory		Michigan		Wayne									Wolcott Lawrence	LW0220	null	null	410
mi.council.1823	1823	General	First Ballot	Legislative Council	Territory	Legislative Councillor	Territory		Michigan		Wayne									Robert Irwin Jr.	IR0001	null	null	354
mi.council.1823	1823	General	First Ballot	Legislative Council	Territory	Legislative Councillor	Territory		Michigan		Wayne									John Stockton	SJ0550	null	null	268
mi.council.1823	1823	General	First Ballot	Legislative Council	Territory	Legislative Councillor	Territory		Michigan		Wayne									Roger Sprague	SR0288	null	null	283
mi.council.1823	1823	General	First Ballot	Legislative Council	Territory	Legislative Councillor	Territory		Michigan		Wayne									Zephaniah W. Bunce	BZ0004	null	null	186
mi.council.1823	1823	General	First Ballot	Legislative Council	Territory	Legislative Councillor	Territory		Michigan		Wayne									Hubert Lacroix	LH0042	null	null	335
mi.council.1823	1823	General	First Ballot	Legislative Council	Territory	Legislative Councillor	Territory		Michigan		Wayne									Joseph Miller	MJ1324	null	null	328
mi.council.1823	1823	General	First Ballot	Legislative Council	Territory	Legislative Councillor	Territory		Michigan		Wayne									Solomon Sibley	SS0143	null	null	202
mi.council.1823	1823	General	First Ballot	Legislative Council	Territory	Legislative Councillor	Territory		Michigan		Wayne									William Brown	BW0443	null	null	311
mi.council.1823	1823	General	First Ballot	Legislative Council	Territory	Legislative Councillor	Territory		Michigan		Wayne									Ebenezer Reed	RE0020	null	null	215
mi.council.1823	1823	General	First Ballot	Legislative Council	Territory	Legislative Councillor	Territory		Michigan		Wayne									Louis Beufait	BL0087	null	null	246
mi.council.1823	1823	General	First Ballot	Legislative Council	Territory	Legislative Councillor	Territory		Michigan		Wayne									Francois Navarre	NF0008	null	null	232
mi.council.1823	1823	General	First Ballot	Legislative Council	Territory	Legislative Councillor	Territory		Michigan		Wayne									Benjamin F. Stickney 	SB0056	null	null	265
mi.council.1823	1823	General	First Ballot	Legislative Council	Territory	Legislative Councillor	Territory		Michigan		Wayne									Laurent Durocher	DL0049	null	null	278
mi.council.1823	1823	General	First Ballot	Legislative Council	Territory	Legislative Councillor	Territory		Michigan		Wayne									Harry Conant	CH0134	null	null	244
mi.delegate.1820	1820	General	First Ballot	U.S. House of Representatives	Federal	Territorial Delegate	Federal		Michigan											Solomon Sibley	SS0143	null	null	213
mi.delegate.1820	1820	General	First Ballot	U.S. House of Representatives	Federal	Territorial Delegate	Federal		Michigan											Augustus B. Woodward	WA0083	null	null	206
mi.delegate.1820	1820	General	First Ballot	U.S. House of Representatives	Federal	Territorial Delegate	Federal		Michigan											James MacCloskey	MJ0359	null	null	89
mi.delegate.1820	1820	General	First Ballot	U.S. House of Representatives	Federal	Territorial Delegate	Federal		Michigan											Jonathan R. Williams	WJ0310	null	null	7
mi.delegate.1820	1820	General	First Ballot	U.S. House of Representatives	Federal	Territorial Delegate	Federal		Michigan		Michilimackinac									Solomon Sibley	SS0143	null	null	32
mi.delegate.1820	1820	General	First Ballot	U.S. House of Representatives	Federal	Territorial Delegate	Federal		Michigan		Michilimackinac									Augustus B. Woodward	WA0083	null	null	
mi.delegate.1820	1820	General	First Ballot	U.S. House of Representatives	Federal	Territorial Delegate	Federal		Michigan		Michilimackinac									James MacCloskey	MJ0359	null	null	4
mi.delegate.1820	1820	General	First Ballot	U.S. House of Representatives	Federal	Territorial Delegate	Federal		Michigan		Michilimackinac									Jonathan R. Williams	WJ0310	null	null	
mi.delegate.1820	1820	General	First Ballot	U.S. House of Representatives	Federal	Territorial Delegate	Federal		Michigan		Monroe									Solomon Sibley	SS0143	null	null	32
mi.delegate.1820	1820	General	First Ballot	U.S. House of Representatives	Federal	Territorial Delegate	Federal		Michigan		Monroe									Augustus B. Woodward	WA0083	null	null	151
mi.delegate.1820	1820	General	First Ballot	U.S. House of Representatives	Federal	Territorial Delegate	Federal		Michigan		Monroe									James MacCloskey	MJ0359	null	null	1
mi.delegate.1820	1820	General	First Ballot	U.S. House of Representatives	Federal	Territorial Delegate	Federal		Michigan		Monroe									Jonathan R. Williams	WJ0310	null	null	
mi.delegate.1820	1820	General	First Ballot	U.S. House of Representatives	Federal	Territorial Delegate	Federal		Michigan		Oakland									Solomon Sibley	SS0143	null	null	41
mi.delegate.1820	1820	General	First Ballot	U.S. House of Representatives	Federal	Territorial Delegate	Federal		Michigan		Oakland									Augustus B. Woodward	WA0083	null	null	
mi.delegate.1820	1820	General	First Ballot	U.S. House of Representatives	Federal	Territorial Delegate	Federal		Michigan		Oakland									James MacCloskey	MJ0359	null	null	
mi.delegate.1820	1820	General	First Ballot	U.S. House of Representatives	Federal	Territorial Delegate	Federal		Michigan		Oakland									Jonathan R. Williams	WJ0310	null	null	
mi.delegate.1820	1820	General	First Ballot	U.S. House of Representatives	Federal	Territorial Delegate	Federal		Michigan		Wayne									Solomon Sibley	SS0143	null	null	108
mi.delegate.1820	1820	General	First Ballot	U.S. House of Representatives	Federal	Territorial Delegate	Federal		Michigan		Wayne									Augustus B. Woodward	WA0083	null	null	55
mi.delegate.1820	1820	General	First Ballot	U.S. House of Representatives	Federal	Territorial Delegate	Federal		Michigan		Wayne									James MacCloskey	MJ0359	null	null	84
mi.delegate.1820	1820	General	First Ballot	U.S. House of Representatives	Federal	Territorial Delegate	Federal		Michigan		Wayne									Jonathan R. Williams	WJ0310	null	null	7
mi.delegate.1821	1821-09	General	First Ballot	U.S. House of Representatives	Federal	Territorial Delegate	Federal		Michigan											Solomon Sibley	SS0143	null	null	514
mi.delegate.1821	1821-09	General	First Ballot	U.S. House of Representatives	Federal	Territorial Delegate	Federal		Michigan											Augustus B. Woodward	WA0083	null	null	309
mi.delegate.1821	1821-09	General	First Ballot	U.S. House of Representatives	Federal	Territorial Delegate	Federal		Michigan											James MacCloskey	MJ0359	null	null	268
mi.delegate.1821	1821-09	General	First Ballot	U.S. House of Representatives	Federal	Territorial Delegate	Federal		Michigan											Abraham Edwards	EA0004	null	null	2
mi.delegate.1821	1821-09	General	First Ballot	U.S. House of Representatives	Federal	Territorial Delegate	Federal		Michigan											John Griffin	GJ0073	null	null	1
mi.delegate.1821	1821-09	General	First Ballot	U.S. House of Representatives	Federal	Territorial Delegate	Federal		Michigan		Brown									Solomon Sibley	SS0143	null	null	42
mi.delegate.1821	1821-09	General	First Ballot	U.S. House of Representatives	Federal	Territorial Delegate	Federal		Michigan		Brown									Augustus B. Woodward	WA0083	null	null	2
mi.delegate.1821	1821-09	General	First Ballot	U.S. House of Representatives	Federal	Territorial Delegate	Federal		Michigan		Brown									James MacCloskey	MJ0359	null	null	1
mi.delegate.1821	1821-09	General	First Ballot	U.S. House of Representatives	Federal	Territorial Delegate	Federal		Michigan		Brown									Abraham Edwards	EA0004	null	null	
mi.delegate.1821	1821-09	General	First Ballot	U.S. House of Representatives	Federal	Territorial Delegate	Federal		Michigan		Macomb									Solomon Sibley	SS0143	null	null	24
mi.delegate.1821	1821-09	General	First Ballot	U.S. House of Representatives	Federal	Territorial Delegate	Federal		Michigan		Macomb									Augustus B. Woodward	WA0083	null	null	7
mi.delegate.1821	1821-09	General	First Ballot	U.S. House of Representatives	Federal	Territorial Delegate	Federal		Michigan		Macomb									James MacCloskey	MJ0359	null	null	74
mi.delegate.1821	1821-09	General	First Ballot	U.S. House of Representatives	Federal	Territorial Delegate	Federal		Michigan		Macomb									Abraham Edwards	EA0004	null	null	
mi.delegate.1821	1821-09	General	First Ballot	U.S. House of Representatives	Federal	Territorial Delegate	Federal		Michigan		Michilimackinac									Solomon Sibley	SS0143	null	null	58
mi.delegate.1821	1821-09	General	First Ballot	U.S. House of Representatives	Federal	Territorial Delegate	Federal		Michigan		Michilimackinac									Augustus B. Woodward	WA0083	null	null	6
mi.delegate.1821	1821-09	General	First Ballot	U.S. House of Representatives	Federal	Territorial Delegate	Federal		Michigan		Michilimackinac									James MacCloskey	MJ0359	null	null	18
mi.delegate.1821	1821-09	General	First Ballot	U.S. House of Representatives	Federal	Territorial Delegate	Federal		Michigan		Michilimackinac									Abraham Edwards	EA0004	null	null	
mi.delegate.1821	1821-09	General	First Ballot	U.S. House of Representatives	Federal	Territorial Delegate	Federal		Michigan		Monroe									Solomon Sibley	SS0143	null	null	129
mi.delegate.1821	1821-09	General	First Ballot	U.S. House of Representatives	Federal	Territorial Delegate	Federal		Michigan		Monroe									Augustus B. Woodward	WA0083	null	null	112
mi.delegate.1821	1821-09	General	First Ballot	U.S. House of Representatives	Federal	Territorial Delegate	Federal		Michigan		Monroe									James MacCloskey	MJ0359	null	null	8
mi.delegate.1821	1821-09	General	First Ballot	U.S. House of Representatives	Federal	Territorial Delegate	Federal		Michigan		Monroe									Abraham Edwards	EA0004	null	null	
mi.delegate.1821	1821-09	General	First Ballot	U.S. House of Representatives	Federal	Territorial Delegate	Federal		Michigan		Oakland									Solomon Sibley	SS0143	null	null	94
mi.delegate.1821	1821-09	General	First Ballot	U.S. House of Representatives	Federal	Territorial Delegate	Federal		Michigan		Oakland									Augustus B. Woodward	WA0083	null	null	12
mi.delegate.1821	1821-09	General	First Ballot	U.S. House of Representatives	Federal	Territorial Delegate	Federal		Michigan		Oakland									James MacCloskey	MJ0359	null	null	
mi.delegate.1821	1821-09	General	First Ballot	U.S. House of Representatives	Federal	Territorial Delegate	Federal		Michigan		Oakland									Abraham Edwards	EA0004	null	null	
mi.delegate.1821	1821-09	General	First Ballot	U.S. House of Representatives	Federal	Territorial Delegate	Federal		Michigan		Saint Clair									Solomon Sibley	SS0143	null	null	
mi.delegate.1821	1821-09	General	First Ballot	U.S. House of Representatives	Federal	Territorial Delegate	Federal		Michigan		Saint Clair									Augustus B. Woodward	WA0083	null	null	17
mi.delegate.1821	1821-09	General	First Ballot	U.S. House of Representatives	Federal	Territorial Delegate	Federal		Michigan		Saint Clair									James MacCloskey	MJ0359	null	null	34
mi.delegate.1821	1821-09	General	First Ballot	U.S. House of Representatives	Federal	Territorial Delegate	Federal		Michigan		Saint Clair									Abraham Edwards	EA0004	null	null	
mi.delegate.1821	1821-09	General	First Ballot	U.S. House of Representatives	Federal	Territorial Delegate	Federal		Michigan		Wayne									Solomon Sibley	SS0143	null	null	167
mi.delegate.1821	1821-09	General	First Ballot	U.S. House of Representatives	Federal	Territorial Delegate	Federal		Michigan		Wayne									Augustus B. Woodward	WA0083	null	null	153
mi.delegate.1821	1821-09	General	First Ballot	U.S. House of Representatives	Federal	Territorial Delegate	Federal		Michigan		Wayne									James MacCloskey	MJ0359	null	null	133
mi.delegate.1821	1821-09	General	First Ballot	U.S. House of Representatives	Federal	Territorial Delegate	Federal		Michigan		Wayne									Abraham Edwards	EA0004	null	null	2
mi.delegate.1821	1821-09	General	First Ballot	U.S. House of Representatives	Federal	Territorial Delegate	Federal		Michigan		Wayne									John Griffin	GJ0073	null	null	1
