id	Date	Type	Iteration	Office	Office Scope	Role	Role Scope	State	Territory	City	County	District	 Town	Township	Ward	Parish	Populated Place	Hundred	Borough	Name	Name ID	Affiliation	Affiliation ID	Vote
fl.territoryrep.1823	1823	General	First Ballot	U.S. House of Representatives	Federal	Territorial Delegate	Federal		Florida											Richard Keith Call	CR0008	null	null	496
fl.territoryrep.1823	1823	General	First Ballot	U.S. House of Representatives	Federal	Territorial Delegate	Federal		Florida											Joseph M. Hernandez	HJ0045	null	null	252
fl.territoryrep.1823	1823	General	First Ballot	U.S. House of Representatives	Federal	Territorial Delegate	Federal		Florida											Alexander Hamilton	HA0013	null	null	249
fl.territoryrep.1823	1823	General	First Ballot	U.S. House of Representatives	Federal	Territorial Delegate	Federal		Florida											Farquhar Bethune	BF0000	null	null	36
fl.territoryrep.1823	1823	General	First Ballot	U.S. House of Representatives	Federal	Territorial Delegate	Federal		Florida		Duval		Fernandina							Richard Keith Call	CR0008	null	null	
fl.territoryrep.1823	1823	General	First Ballot	U.S. House of Representatives	Federal	Territorial Delegate	Federal		Florida		Duval		Fernandina							Joseph M. Hernandez	HJ0045	null	null	
fl.territoryrep.1823	1823	General	First Ballot	U.S. House of Representatives	Federal	Territorial Delegate	Federal		Florida		Duval		Fernandina							Alexander Hamilton	HA0013	null	null	7
fl.territoryrep.1823	1823	General	First Ballot	U.S. House of Representatives	Federal	Territorial Delegate	Federal		Florida		Duval		Fernandina							Farquhar Bethune	BF0000	null	null	36
fl.territoryrep.1823	1823	General	First Ballot	U.S. House of Representatives	Federal	Territorial Delegate	Federal		Florida		Escambia									Richard Keith Call	CR0008	null	null	398
fl.territoryrep.1823	1823	General	First Ballot	U.S. House of Representatives	Federal	Territorial Delegate	Federal		Florida		Escambia		Barrows Ferry							Richard Keith Call	CR0008	null	null	27
fl.territoryrep.1823	1823	General	First Ballot	U.S. House of Representatives	Federal	Territorial Delegate	Federal		Florida		Escambia		Florida							Richard Keith Call	CR0008	null	null	22
fl.territoryrep.1823	1823	General	First Ballot	U.S. House of Representatives	Federal	Territorial Delegate	Federal		Florida		Escambia		Oneals Ferry							Richard Keith Call	CR0008	null	null	29
fl.territoryrep.1823	1823	General	First Ballot	U.S. House of Representatives	Federal	Territorial Delegate	Federal		Florida		Escambia		Pensacola							Richard Keith Call	CR0008	null	null	320
fl.territoryrep.1823	1823	General	First Ballot	U.S. House of Representatives	Federal	Territorial Delegate	Federal		Florida		Jackson									Richard Keith Call	CR0008	null	null	92
fl.territoryrep.1823	1823	General	First Ballot	U.S. House of Representatives	Federal	Territorial Delegate	Federal		Florida		Jackson									Joseph M. Hernandez	HJ0045	null	null	
fl.territoryrep.1823	1823	General	First Ballot	U.S. House of Representatives	Federal	Territorial Delegate	Federal		Florida		Jackson									Alexander Hamilton	HA0013	null	null	
fl.territoryrep.1823	1823	General	First Ballot	U.S. House of Representatives	Federal	Territorial Delegate	Federal		Florida		Jackson									Farquhar Bethune	BF0000	null	null	
fl.territoryrep.1823	1823	General	First Ballot	U.S. House of Representatives	Federal	Territorial Delegate	Federal		Florida		Jackson						Dempsey Jones			Richard Keith Call	CR0008	null	null	15
fl.territoryrep.1823	1823	General	First Ballot	U.S. House of Representatives	Federal	Territorial Delegate	Federal		Florida		Jackson						Dempsey Jones			Joseph M. Hernandez	HJ0045	null	null	
fl.territoryrep.1823	1823	General	First Ballot	U.S. House of Representatives	Federal	Territorial Delegate	Federal		Florida		Jackson						Dempsey Jones			Alexander Hamilton	HA0013	null	null	
fl.territoryrep.1823	1823	General	First Ballot	U.S. House of Representatives	Federal	Territorial Delegate	Federal		Florida		Jackson						Dempsey Jones			Farquhar Bethune	BF0000	null	null	
fl.territoryrep.1823	1823	General	First Ballot	U.S. House of Representatives	Federal	Territorial Delegate	Federal		Florida		Jackson						Owen Williams'			Richard Keith Call	CR0008	null	null	42
fl.territoryrep.1823	1823	General	First Ballot	U.S. House of Representatives	Federal	Territorial Delegate	Federal		Florida		Jackson						Owen Williams'			Joseph M. Hernandez	HJ0045	null	null	
fl.territoryrep.1823	1823	General	First Ballot	U.S. House of Representatives	Federal	Territorial Delegate	Federal		Florida		Jackson						Owen Williams'			Alexander Hamilton	HA0013	null	null	
fl.territoryrep.1823	1823	General	First Ballot	U.S. House of Representatives	Federal	Territorial Delegate	Federal		Florida		Jackson						Owen Williams'			Farquhar Bethune	BF0000	null	null	
fl.territoryrep.1823	1823	General	First Ballot	U.S. House of Representatives	Federal	Territorial Delegate	Federal		Florida		Jackson						School House			Richard Keith Call	CR0008	null	null	22
fl.territoryrep.1823	1823	General	First Ballot	U.S. House of Representatives	Federal	Territorial Delegate	Federal		Florida		Jackson						School House			Joseph M. Hernandez	HJ0045	null	null	
fl.territoryrep.1823	1823	General	First Ballot	U.S. House of Representatives	Federal	Territorial Delegate	Federal		Florida		Jackson						School House			Alexander Hamilton	HA0013	null	null	
fl.territoryrep.1823	1823	General	First Ballot	U.S. House of Representatives	Federal	Territorial Delegate	Federal		Florida		Jackson						School House			Farquhar Bethune	BF0000	null	null	
fl.territoryrep.1823	1823	General	First Ballot	U.S. House of Representatives	Federal	Territorial Delegate	Federal		Florida		Jackson						Thomas Russ's			Richard Keith Call	CR0008	null	null	13
fl.territoryrep.1823	1823	General	First Ballot	U.S. House of Representatives	Federal	Territorial Delegate	Federal		Florida		Jackson						Thomas Russ's			Joseph M. Hernandez	HJ0045	null	null	
fl.territoryrep.1823	1823	General	First Ballot	U.S. House of Representatives	Federal	Territorial Delegate	Federal		Florida		Jackson						Thomas Russ's			Alexander Hamilton	HA0013	null	null	
fl.territoryrep.1823	1823	General	First Ballot	U.S. House of Representatives	Federal	Territorial Delegate	Federal		Florida		Jackson						Thomas Russ's			Farquhar Bethune	BF0000	null	null	
fl.territoryrep.1823	1823	General	First Ballot	U.S. House of Representatives	Federal	Territorial Delegate	Federal		Florida		Saint John's		Fairbanks							Richard Keith Call	CR0008	null	null	
fl.territoryrep.1823	1823	General	First Ballot	U.S. House of Representatives	Federal	Territorial Delegate	Federal		Florida		Saint John's		Fairbanks							Joseph M. Hernandez	HJ0045	null	null	29
fl.territoryrep.1823	1823	General	First Ballot	U.S. House of Representatives	Federal	Territorial Delegate	Federal		Florida		Saint John's		Fairbanks							Alexander Hamilton	HA0013	null	null	18
fl.territoryrep.1823	1823	General	First Ballot	U.S. House of Representatives	Federal	Territorial Delegate	Federal		Florida		Saint John's		Fairbanks							Farquhar Bethune	BF0000	null	null	
fl.territoryrep.1823	1823	General	First Ballot	U.S. House of Representatives	Federal	Territorial Delegate	Federal		Florida		Saint John's		Mosquito							Richard Keith Call	CR0008	null	null	
fl.territoryrep.1823	1823	General	First Ballot	U.S. House of Representatives	Federal	Territorial Delegate	Federal		Florida		Saint John's		Mosquito							Joseph M. Hernandez	HJ0045	null	null	8
fl.territoryrep.1823	1823	General	First Ballot	U.S. House of Representatives	Federal	Territorial Delegate	Federal		Florida		Saint John's		Mosquito							Alexander Hamilton	HA0013	null	null	1
fl.territoryrep.1823	1823	General	First Ballot	U.S. House of Representatives	Federal	Territorial Delegate	Federal		Florida		Saint John's		Mosquito							Farquhar Bethune	BF0000	null	null	
fl.territoryrep.1823	1823	General	First Ballot	U.S. House of Representatives	Federal	Territorial Delegate	Federal		Florida		Saint John's		Saint Augustine							Richard Keith Call	CR0008	null	null	6
fl.territoryrep.1823	1823	General	First Ballot	U.S. House of Representatives	Federal	Territorial Delegate	Federal		Florida		Saint John's		Saint Augustine							Joseph M. Hernandez	HJ0045	null	null	212
fl.territoryrep.1823	1823	General	First Ballot	U.S. House of Representatives	Federal	Territorial Delegate	Federal		Florida		Saint John's		Saint Augustine							Alexander Hamilton	HA0013	null	null	42
fl.territoryrep.1823	1823	General	First Ballot	U.S. House of Representatives	Federal	Territorial Delegate	Federal		Florida		Saint John's		Saint Augustine							Farquhar Bethune	BF0000	null	null	
fl.territoryrep.1822	1822	General	First Ballot	U.S. House of Representatives	Federal	Territorial Delegate	Federal		Florida											Joseph Marion Hernandez	HJ0045	null	null	396
fl.territoryrep.1822	1822	General	First Ballot	U.S. House of Representatives	Federal	Territorial Delegate	Federal		Florida											William Barnett	BW0035	null	null	150
fl.territoryrep.1822	1822	General	First Ballot	U.S. House of Representatives	Federal	Territorial Delegate	Federal		Florida											James C. Bronaugh	BJ0109	null	null	
fl.territoryrep.1822	1822	General	First Ballot	U.S. House of Representatives	Federal	Territorial Delegate	Federal		Florida											James Grant Forbes	FJ0015	null	null	
fl.territoryrep.1822	1822	General	First Ballot	U.S. House of Representatives	Federal	Territorial Delegate	Federal		Florida		Duval		Cowford							Joseph Marion Hernandez	HJ0045	null	null	68
fl.territoryrep.1822	1822	General	First Ballot	U.S. House of Representatives	Federal	Territorial Delegate	Federal		Florida		Duval		Cowford							William Barnett	BW0035	null	null	
fl.territoryrep.1822	1822	General	First Ballot	U.S. House of Representatives	Federal	Territorial Delegate	Federal		Florida		Duval		Cowford							James C. Bronaugh	BJ0109	null	null	40
fl.territoryrep.1822	1822	General	First Ballot	U.S. House of Representatives	Federal	Territorial Delegate	Federal		Florida		Duval		Cowford							James Grant Forbes	FJ0015	null	null	11
fl.territoryrep.1822	1822	General	First Ballot	U.S. House of Representatives	Federal	Territorial Delegate	Federal		Florida		Duval		Fernandina							Joseph Marion Hernandez	HJ0045	null	null	76
fl.territoryrep.1822	1822	General	First Ballot	U.S. House of Representatives	Federal	Territorial Delegate	Federal		Florida		Duval		Fernandina							William Barnett	BW0035	null	null	
fl.territoryrep.1822	1822	General	First Ballot	U.S. House of Representatives	Federal	Territorial Delegate	Federal		Florida		Duval		Fernandina							James C. Bronaugh	BJ0109	null	null	
fl.territoryrep.1822	1822	General	First Ballot	U.S. House of Representatives	Federal	Territorial Delegate	Federal		Florida		Duval		Fernandina							James Grant Forbes	FJ0015	null	null	3
fl.territoryrep.1822	1822	General	First Ballot	U.S. House of Representatives	Federal	Territorial Delegate	Federal		Florida		Saint John's		Saint Augustine							Joseph Marion Hernandez	HJ0045	null	null	252
fl.territoryrep.1822	1822	General	First Ballot	U.S. House of Representatives	Federal	Territorial Delegate	Federal		Florida		Saint John's		Saint Augustine							William Barnett	BW0035	null	null	2
fl.territoryrep.1822	1822	General	First Ballot	U.S. House of Representatives	Federal	Territorial Delegate	Federal		Florida		Saint John's		Saint Augustine							James C. Bronaugh	BJ0109	null	null	
fl.territoryrep.1822	1822	General	First Ballot	U.S. House of Representatives	Federal	Territorial Delegate	Federal		Florida		Saint John's		Saint Augustine							James Grant Forbes	FJ0015	null	null	5
fl.territoryrep.1825	1825	General	First Ballot	U.S. House of Representatives	Federal	Territorial Delegate	Federal		Florida											Joseph M. White	WJ0059	null	null	742
fl.territoryrep.1825	1825	General	First Ballot	U.S. House of Representatives	Federal	Territorial Delegate	Federal		Florida											James Gadsen	GJ0029	null	null	460
fl.territoryrep.1825	1825	General	First Ballot	U.S. House of Representatives	Federal	Territorial Delegate	Federal		Florida											Joseph M. Hernandez	HJ0045	null	null	362
fl.territoryrep.1825	1825	General	First Ballot	U.S. House of Representatives	Federal	Territorial Delegate	Federal		Florida		Alachua									Joseph M. White	WJ0059	null	null	8
fl.territoryrep.1825	1825	General	First Ballot	U.S. House of Representatives	Federal	Territorial Delegate	Federal		Florida		Alachua									James Gadsen	GJ0029	null	null	73
fl.territoryrep.1825	1825	General	First Ballot	U.S. House of Representatives	Federal	Territorial Delegate	Federal		Florida		Alachua									Joseph M. Hernandez	HJ0045	null	null	3
fl.territoryrep.1825	1825	General	First Ballot	U.S. House of Representatives	Federal	Territorial Delegate	Federal		Florida		Duval									Joseph M. White	WJ0059	null	null	
fl.territoryrep.1825	1825	General	First Ballot	U.S. House of Representatives	Federal	Territorial Delegate	Federal		Florida		Duval									James Gadsen	GJ0029	null	null	61
fl.territoryrep.1825	1825	General	First Ballot	U.S. House of Representatives	Federal	Territorial Delegate	Federal		Florida		Duval									Joseph M. Hernandez	HJ0045	null	null	138
fl.territoryrep.1825	1825	General	First Ballot	U.S. House of Representatives	Federal	Territorial Delegate	Federal		Florida		Escambia									Joseph M. White	WJ0059	null	null	207
fl.territoryrep.1825	1825	General	First Ballot	U.S. House of Representatives	Federal	Territorial Delegate	Federal		Florida		Escambia									James Gadsen	GJ0029	null	null	141
fl.territoryrep.1825	1825	General	First Ballot	U.S. House of Representatives	Federal	Territorial Delegate	Federal		Florida		Escambia									Joseph M. Hernandez	HJ0045	null	null	
fl.territoryrep.1825	1825	General	First Ballot	U.S. House of Representatives	Federal	Territorial Delegate	Federal		Florida		Escambia						Barrow's			Joseph M. White	WJ0059	null	null	31
fl.territoryrep.1825	1825	General	First Ballot	U.S. House of Representatives	Federal	Territorial Delegate	Federal		Florida		Escambia						Barrow's			James Gadsen	GJ0029	null	null	4
fl.territoryrep.1825	1825	General	First Ballot	U.S. House of Representatives	Federal	Territorial Delegate	Federal		Florida		Escambia						Barrow's			Joseph M. Hernandez	HJ0045	null	null	
fl.territoryrep.1825	1825	General	First Ballot	U.S. House of Representatives	Federal	Territorial Delegate	Federal		Florida		Escambia						Gaines'			Joseph M. White	WJ0059	null	null	24
fl.territoryrep.1825	1825	General	First Ballot	U.S. House of Representatives	Federal	Territorial Delegate	Federal		Florida		Escambia						Gaines'			James Gadsen	GJ0029	null	null	
fl.territoryrep.1825	1825	General	First Ballot	U.S. House of Representatives	Federal	Territorial Delegate	Federal		Florida		Escambia						Gaines'			Joseph M. Hernandez	HJ0045	null	null	
fl.territoryrep.1825	1825	General	First Ballot	U.S. House of Representatives	Federal	Territorial Delegate	Federal		Florida		Escambia						Hall's			Joseph M. White	WJ0059	null	null	20
fl.territoryrep.1825	1825	General	First Ballot	U.S. House of Representatives	Federal	Territorial Delegate	Federal		Florida		Escambia						Hall's			James Gadsen	GJ0029	null	null	2
fl.territoryrep.1825	1825	General	First Ballot	U.S. House of Representatives	Federal	Territorial Delegate	Federal		Florida		Escambia						Hall's			Joseph M. Hernandez	HJ0045	null	null	
fl.territoryrep.1825	1825	General	First Ballot	U.S. House of Representatives	Federal	Territorial Delegate	Federal		Florida		Escambia		Pensacola							Joseph M. White	WJ0059	null	null	132
fl.territoryrep.1825	1825	General	First Ballot	U.S. House of Representatives	Federal	Territorial Delegate	Federal		Florida		Escambia		Pensacola							James Gadsen	GJ0029	null	null	135
fl.territoryrep.1825	1825	General	First Ballot	U.S. House of Representatives	Federal	Territorial Delegate	Federal		Florida		Escambia		Pensacola							Joseph M. Hernandez	HJ0045	null	null	
fl.territoryrep.1825	1825	General	First Ballot	U.S. House of Representatives	Federal	Territorial Delegate	Federal		Florida		Gadsden									Joseph M. White	WJ0059	null	null	126
fl.territoryrep.1825	1825	General	First Ballot	U.S. House of Representatives	Federal	Territorial Delegate	Federal		Florida		Gadsden									James Gadsen	GJ0029	null	null	13
fl.territoryrep.1825	1825	General	First Ballot	U.S. House of Representatives	Federal	Territorial Delegate	Federal		Florida		Gadsden									Joseph M. Hernandez	HJ0045	null	null	
fl.territoryrep.1825	1825	General	First Ballot	U.S. House of Representatives	Federal	Territorial Delegate	Federal		Florida		Jackson									Joseph M. White	WJ0059	null	null	284
fl.territoryrep.1825	1825	General	First Ballot	U.S. House of Representatives	Federal	Territorial Delegate	Federal		Florida		Jackson									James Gadsen	GJ0029	null	null	13
fl.territoryrep.1825	1825	General	First Ballot	U.S. House of Representatives	Federal	Territorial Delegate	Federal		Florida		Jackson									Joseph M. Hernandez	HJ0045	null	null	1
fl.territoryrep.1825	1825	General	First Ballot	U.S. House of Representatives	Federal	Territorial Delegate	Federal		Florida		Leon									Joseph M. White	WJ0059	null	null	38
fl.territoryrep.1825	1825	General	First Ballot	U.S. House of Representatives	Federal	Territorial Delegate	Federal		Florida		Leon									James Gadsen	GJ0029	null	null	90
fl.territoryrep.1825	1825	General	First Ballot	U.S. House of Representatives	Federal	Territorial Delegate	Federal		Florida		Leon									Joseph M. Hernandez	HJ0045	null	null	
fl.territoryrep.1825	1825	General	First Ballot	U.S. House of Representatives	Federal	Territorial Delegate	Federal		Florida		Musquito									Joseph M. White	WJ0059	null	null	
fl.territoryrep.1825	1825	General	First Ballot	U.S. House of Representatives	Federal	Territorial Delegate	Federal		Florida		Musquito									James Gadsen	GJ0029	null	null	12
fl.territoryrep.1825	1825	General	First Ballot	U.S. House of Representatives	Federal	Territorial Delegate	Federal		Florida		Musquito									Joseph M. Hernandez	HJ0045	null	null	2
fl.territoryrep.1825	1825	General	First Ballot	U.S. House of Representatives	Federal	Territorial Delegate	Federal		Florida		Nassau									Joseph M. White	WJ0059	null	null	5
fl.territoryrep.1825	1825	General	First Ballot	U.S. House of Representatives	Federal	Territorial Delegate	Federal		Florida		Nassau									James Gadsen	GJ0029	null	null	1
fl.territoryrep.1825	1825	General	First Ballot	U.S. House of Representatives	Federal	Territorial Delegate	Federal		Florida		Nassau									Joseph M. Hernandez	HJ0045	null	null	
fl.territoryrep.1825	1825	General	First Ballot	U.S. House of Representatives	Federal	Territorial Delegate	Federal		Florida		Saint John's									Joseph M. White	WJ0059	null	null	1
fl.territoryrep.1825	1825	General	First Ballot	U.S. House of Representatives	Federal	Territorial Delegate	Federal		Florida		Saint John's									James Gadsen	GJ0029	null	null	41
fl.territoryrep.1825	1825	General	First Ballot	U.S. House of Representatives	Federal	Territorial Delegate	Federal		Florida		Saint John's									Joseph M. Hernandez	HJ0045	null	null	218
fl.territoryrep.1825	1825	General	First Ballot	U.S. House of Representatives	Federal	Territorial Delegate	Federal		Florida		Walton									Joseph M. White	WJ0059	null	null	73
fl.territoryrep.1825	1825	General	First Ballot	U.S. House of Representatives	Federal	Territorial Delegate	Federal		Florida		Walton									James Gadsen	GJ0029	null	null	15
fl.territoryrep.1825	1825	General	First Ballot	U.S. House of Representatives	Federal	Territorial Delegate	Federal		Florida		Walton									Joseph M. Hernandez	HJ0045	null	null	
fl.pensacola.alderman.1825	1825	Special	First Ballot	Alderman	City	Alderman	City		Florida											Henry de Grandpre	GH0004	null	null	71
fl.pensacola.alderman.1825	1825	Special	First Ballot	Alderman	City	Alderman	City		Florida											Robert Mitchell	MR0003	null	null	64
fl.pensacola.alderman.1825	1825	Special	First Ballot	Alderman	City	Alderman	City		Florida											Francis Bouquie	BF0001	null	null	3
fl.pensacola.alderman.1825	1825	Special	First Ballot	Alderman	City	Alderman	City		Florida											Francisco Holet	HF0001	null	null	1
fl.pensacola.alderman.1825	1825	Special	First Ballot	Alderman	City	Alderman	City		Florida	Pensacola	Escambia									Henry de Grandpre	GH0004	null	null	71
fl.pensacola.alderman.1825	1825	Special	First Ballot	Alderman	City	Alderman	City		Florida	Pensacola	Escambia									Robert Mitchell	MR0003	null	null	64
fl.pensacola.alderman.1825	1825	Special	First Ballot	Alderman	City	Alderman	City		Florida	Pensacola	Escambia									Francis Bouquie	BF0001	null	null	3
fl.pensacola.alderman.1825	1825	Special	First Ballot	Alderman	City	Alderman	City		Florida	Pensacola	Escambia									Francisco Holet	HF0001	null	null	1
