<?xml version="1.0" encoding="UTF-8"?> <names-authority-list xmlns:auth="http://dca.tufts.edu/aas/auth" xmlns:xref="http://dca/tufts.edu/aas/xref">

    <auth:candidate name="Forrester, Alexander"  id="FA0000"/>
    <auth:candidate name="Freeman, Azel"  id="FA0001"/>
    <auth:candidate name="French, Abel"  id="FA0002"/>
    <auth:candidate name="Fort, Arthur"  id="FA0003"/>
    <auth:candidate name="Fluellen, A."  id="FA0004"/>
    <auth:candidate name="Forest, Abel De"  id="FA0005"/>
    <auth:candidate name="Fannin, A.B."  id="FA0006"/>
    <auth:candidate name="Feet, Aruna"  id="FA0007"/>
    <auth:candidate name="Field, Alexander P."  id="FA0008"/>
    <auth:candidate name="Flack, Abner"  id="FA0009"/>
    <auth:candidate name="Fonerdan, A."  id="FA0010"/>
    <auth:candidate name="Findley, Abel"  id="FA0011"/>
    <auth:candidate name="Fields, Abner"  id="FA0012"/>
    <auth:candidate name="Farrow, Alexander S."  id="FA0013"/>
    <auth:candidate name="Fields, Abraham"  id="FA0014"/>
    <auth:candidate name="Faw, Abraham"  id="FA0015"/>
    <auth:candidate name="Fuller, Alven"  id="FA0016"/>
    <auth:candidate name="Fonerden, Adam"  id="FA0017"/>
    <auth:candidate name="Field, Abraham"  id="FA0018"/>
    <auth:candidate name="French, Abel"  id="FA0019"/>
    <auth:candidate name="Fenwick, Athanasus"  id="FA0020"/>
    <auth:candidate name="Fullerton, Alexander"  id="FA0021"/>
    <auth:candidate name="Ferris, Abraham"  id="FA0022"/>
    <auth:candidate name="Forbes, Aron"  id="FA0023"/>
    <auth:candidate name="Fernald, A.P."  id="FA0024"/>
    <auth:candidate name="Frothingham, Andrew"  id="FA0025"/>
    <auth:candidate name="Fiske, Abyah"  id="FA0026"/>
    <auth:candidate name="Fletcher, Asa"  id="FA0027"/>
    <auth:candidate name="Flint, Austin"  id="FA0028"/>
    <auth:candidate name="Foster, Abiel"  id="FA0029"/>
    <auth:candidate name="Fuller, Abraham"  id="FA0030"/>
    <auth:candidate name="Frost, Aaron"  id="FA0031"/>
    <auth:candidate name="Fitz, Aaron"  id="FA0032"/>
    <auth:candidate name="Fisher, Abraham"  id="FA0033"/>
    <auth:candidate name="Fordish, Alisha"  id="FA0034"/>
    <auth:candidate name="Fithian, Amos"  id="FA0035"/>
    <auth:candidate name="Foushee, Abraham"  id="FA0036"/>
    <auth:candidate name="Fink, Andrew"  id="FA0037"/>
    <auth:candidate name="Fitch, Asa"  id="FA0038"/>
    <auth:candidate name="French, Abel"  id="FA0039"/>
    <auth:candidate name="Fuller, Amos B."  id="FA0040"/>
    <auth:candidate name="Flint, Amos, Jr."  id="FA0041"/>
    <auth:candidate name="Finch, Andrew"  id="FA0042"/>
    <auth:candidate name="Frazer, Allen"  id="FA0043"/>
    <auth:candidate name="Flagg, Azariah C."  id="FA0044"/>
    <auth:candidate name="Farnsworth, Asa"  id="FA0045"/>
    <auth:candidate name="Franklin, Anthony"  id="FA0046"/>
    <auth:candidate name="Fernald, Asni S."  id="FA0047"/>
    <auth:candidate name="Foote, Andrew"  id="FA0048"/>
    <auth:candidate name="Fullerton, Alexander"  id="FA0049"/>
    <auth:candidate name="Forrest, Andrew"  id="FA0050"/>
    <auth:candidate name="Frost, Aaron"  id="FA0051"/>
    <auth:candidate name="Freeman, Azel"  id="FA0052"/>
    <auth:candidate name="Foster, Alexander W."  id="FA0053"/>
    <auth:candidate name="Fowler, Alexander"  id="FA0054"/>
    <auth:candidate name="Farmer, A."  id="FA0055"/>
    <auth:candidate name="Fraser, Alexander"  id="FA0056"/>
    <auth:candidate name="Ferris, Augustus F."  id="FA0057"/>
    <auth:candidate name="Flagler, Abraham"  id="FA0058"/>
    <auth:candidate name="Francisco, Abraham"  id="FA0059"/>
    <auth:candidate name="Forney, Adam"  id="FA0060"/>
    <auth:candidate name="Findley, Andrew"  id="FA0061"/>
    <auth:candidate name="Foster, Abraham R."  id="FA0062"/>
    <auth:candidate name="Fellows, Abiel"  id="FA0063"/>
    <auth:candidate name="French, Andrew"  id="FA0064"/>
    <auth:candidate name="Furman, Abraham"  id="FA0065"/>
    <auth:candidate name="Fertig, Abraham"  id="FA0066"/>
    <auth:candidate name="Feetor, Abraham"  id="FA0067"/>
    <auth:candidate name="Follmer, Adam"  id="FA0068"/>
    <auth:candidate name="Frink, Adam"  id="FA0069"/>
    <auth:candidate name="Foot, Adonijah"  id="FA0070"/>
    <auth:candidate name="Floyd, Alexander"  id="FA0071"/>
    <auth:candidate name="Franklin, Amos A."  id="FA0072"/>
    <auth:candidate name="Farling, Andrew"  id="FA0073"/>
    <auth:candidate name="Fugeo, Antonis"  id="FA0074"/>
    <auth:candidate name="Fletcher, Archelus"  id="FA0075"/>
    <auth:candidate name="Ferguson, Andrew"  id="FA0076"/>
    <auth:candidate name="Fenner, Arthur"  id="FA0077"/>
    <auth:candidate name="Franklin, Amos"  id="FA0078"/>
    <auth:candidate name="Freeman, Artilo"  id="FA0079"/>
    <auth:candidate name="Fay, Artimas"  id="FA0080"/>
    <auth:candidate name="Fitch, Asahel"  id="FA0081"/>
    <auth:candidate name="Fletcher, Asaph"  id="FA0083"/>
    <auth:candidate name="Field, Abner"  id="FA0084"/>
    <auth:candidate name="Faris, Aaron"  id="FA0085"/>
    <auth:candidate name="Fulwiler, Abraham"  id="FA0086"/>
    <auth:candidate name="Fulton, Andrew"  id="FA0087"/>
    <auth:candidate name="Finley, Anthony"  id="FA0088"/>
    <auth:candidate name="Fleming, Andrew"  id="FA0089"/>
    <auth:candidate name="Farris, Adam"  id="FA0090"/>
    <auth:candidate name="Foster, Alexander W."  id="FA0091"/>
    <auth:candidate name="Fulkerson, Abraham"  id="FA0092"/>
    <auth:candidate name="Fox, Arthur"  id="FA0093"/>
    <auth:candidate name="Femister, Alexander"  id="FA0094"/>
    <auth:candidate name="Fort, Arthur"  id="FA0095"/>
    <auth:candidate name="Fisher, Andrew"  id="FA0096"/>
    <auth:candidate name="Fleming, Archibald"  id="FA0097"/>
    <auth:candidate name="Field, Abner W."  id="FA0098"/>
    <auth:candidate name="Forbes, Abner"  id="FA0099"/>
    <auth:candidate name="Fuller, Asa"  id="FA0100"/>
    <auth:candidate name="Flanders, Abner"  id="FA0101"/>
    <auth:candidate name="Fuller, Austin"  id="FA0102"/>
    
    <auth:candidate name="Franks, Benjamin"  id="FB0000"/>
    <auth:candidate name="Fishbourn, Benjamin"  id="FB0001"/>
    <auth:candidate name="Few, Benjamin"  id="FB0002"/>
    <auth:candidate name="Fisk, Benjamin"  id="FB0003"/>
    <auth:candidate name="Fisk, Bezaliel"  id="FB0004"/>
    <auth:candidate name="Felton, Boon"  id="FB0005"/>
    <auth:candidate name="Faulkner, Benj."  id="FB0006"/>
    <auth:candidate name="Ferguson, Benjamin"  id="FB0007"/>
    <auth:candidate name="Forrest, Benjamin S."  id="FB0008"/>
    <auth:candidate name="Fishborn, Benjamin"  id="FB0009"/>
    <auth:candidate name="Foster, Benjamin B."  id="FB0010"/>
    <auth:candidate name="Fish, Benjamin"  id="FB0011"/>
    <auth:candidate name="Forman, Bartis"  id="FB0012"/>
    <auth:candidate name="Foot, Bernia"  id="FB0013"/>
    <auth:candidate name="Farrar, B.G."  id="FB0014"/>
    <auth:candidate name="Farnesworth, Biel"  id="FB0015"/>
    <auth:candidate name="Ford, Benjamin"  id="FB0016"/>
    <auth:candidate name="Fuller, Benjamin"  id="FB0017"/>
    <auth:candidate name="Field, Bohan P."  id="FB0018"/>
    <auth:candidate name="Fuller, Billy"  id="FB0019"/>
    <auth:candidate name="Fisler, Benjamin"  id="FB0020"/>
    <auth:candidate name="Fenton, Barry"  id="FB0021"/>
    <auth:candidate name="Fryatt, Bartholemew"  id="FB0022"/>
    <auth:candidate name="Franklin, Benjamin"  id="FB0023"/>
    <auth:candidate name="Field, Benjamin"  id="FB0024"/>
    <auth:candidate name="Foulke, Benjamin"  id="FB0025"/>
    <auth:candidate name="Ferris, Benjamin"  id="FB0026"/>
    <auth:candidate name="Franklin, B."  id="FB0027"/>
    <auth:candidate name="Fogel, Benjamin"  id="FB0028"/>
    <auth:candidate name="Ferguson, Benjamin"  id="FB0029"/>
    <auth:candidate name="Ferguson, Berkeley"  id="FB0030"/>
    <auth:candidate name="Ferris, Benjamin"  id="FB0031"/>
    <auth:candidate name="Ficklen, Benjamin"  id="FB0032"/>
    <auth:candidate name="Foreman, Benjamin"  id="FB0033"/>
    <auth:candidate name="Fleming, Beriah"  id="FB0034"/>
    <auth:candidate name="Fosdick, Bela"  id="FB0035"/>
    <auth:candidate name="Floyd, Benjamin"  id="FB0036"/>
    <auth:candidate name="Fitch, Benjamin"  id="FB0037"/>
    <auth:candidate name="Frothingham, Benjamin"  id="FB0038"/>
    <auth:candidate name="Fanshaw, Bill"  id="FB0039"/>
    <auth:candidate name="Fay, Benjamin"  id="FB0040"/>
    <auth:candidate name="Fisk, Beriah"  id="FB0041"/>
    <auth:candidate name="Fitch, Benjamin"  id="FB0042"/>
    <auth:candidate name="Fish, Benjamin"  id="FB0043"/>
    
    <auth:candidate name="Fanning, Charles"  id="FC0000"/>
    <auth:candidate name="Finch, Caleb"  id="FC0001"/>
    <auth:candidate name="Febiger, Christian"  id="FC0002"/>
    <auth:candidate name="Foster, Charles"  id="FC0003"/>
    <auth:candidate name="Finch, Cyrus"  id="FC0004"/>
    <auth:candidate name="Fitch, Charles B."  id="FC0005"/>
    <auth:candidate name="Frazier, Charles"  id="FC0006"/>
    <auth:candidate name="Frittz, Christian"  id="FC0007"/>
    <auth:candidate name="Freeman, Charles"  id="FC0008"/>
    <auth:candidate name="Field, Charles K."  id="FC0009"/>
    <auth:candidate name="Fitch, Charles"  id="FC0010"/>
    <auth:candidate name="Ford, Chilion"  id="FC0011"/>
    <auth:candidate name="French, Charles"  id="FC0012"/>
    <auth:candidate name="Fox, Charles"  id="FC0013"/>
    <auth:candidate name="Falkenburgh, Caleb"  id="FC0014"/>
    <auth:candidate name="Fay, Charles"  id="FC0015"/>
    <auth:candidate name="Fechtic, Christian"  id="FC0016"/>
    <auth:candidate name="Forguson, Charles D."  id="FC0017"/>
    <auth:candidate name="Foote, Charles A."  id="FC0018"/>
    <auth:candidate name="Fillmore, Calvin"  id="FC0019"/>
    <auth:candidate name="Fisher, Charles"  id="FC0020"/>
    <auth:candidate name="Ferris, Charles G."  id="FC0021"/>
    <auth:candidate name="France, Christian"  id="FC0022"/>
    <auth:candidate name="Fye, Charles"  id="FC0023"/>
    <auth:candidate name="Fitch, Cornelius B."  id="FC0024"/>
    <auth:candidate name="Feightlich, Christian"  id="FC0025"/>
    <auth:candidate name="Foulke, Caleb, Jr."  id="FC0026"/>
    <auth:candidate name="Fox, Charles"  id="FC0027"/>
    <auth:candidate name="Forster, Chambers"  id="FC0028"/>
    <auth:candidate name="Folig, Conrad"  id="FC0029"/>
    <auth:candidate name="Feger, Conrad"  id="FC0030"/>
    <auth:candidate name="Faulker, C."  id="FC0031"/>
    <auth:candidate name="Foulke, Cadwallader"  id="FC0032"/>
    <auth:candidate name="Fahnstock, Charles"  id="FC0033"/>
    <auth:candidate name="Frisbie, Chauncey"  id="FC0034"/>
    <auth:candidate name="Fisk, Charles"  id="FC0035"/>
    <auth:candidate name="Fithian, Charles B."  id="FC0036"/>
<auth:candidate name="Fraser, Charles"  id="FC0038"/>
<auth:candidate name="Forward, Chauncey"  id="FC0039"/>
<auth:candidate name="Frey, Conrad"  id="FC0043"/>
<auth:candidate name="Fowler, Christopher"  id="FC0046"/>
<auth:candidate name="Freeman, Charles"  id="FC0047"/>
<auth:candidate name="Fuller, Christopher"  id="FC0049"/>
<auth:candidate name="Farrel, Charles"  id="FC0050"/>
<auth:candidate name="Fraser, Charles"  id="FC0051"/>
<auth:candidate name="Fitzsimons, Christopher"  id="FC0057"/>
<auth:candidate name="Furman, Charles M."  id="FC0059"/>
<auth:candidate name="Frazer, Charles"  id="FC0060"/>
<auth:candidate name="Feltz, Carey"  id="FC0062"/>
<auth:candidate name="Foster, Charles"  id="FC0063"/>
    <auth:candidate name="Floyd, Davis"  id="FD0000"/>
    <auth:candidate name="Fish, David"  id="FD0001"/>
    <auth:candidate name="Ford, David"  id="FD0002"/>
    <auth:candidate name="Forney, D."  id="FD0003"/>
    <auth:candidate name="Faulkner, D. P."  id="FD0004"/>
    <auth:candidate name="Feger, D."  id="FD0005"/>
    <auth:candidate name="Fulton, David"  id="FD0006"/>
    <auth:candidate name="Foster, Dwight"  id="FD0007"/>
    <auth:candidate name="Fay, Daniel"  id="FD0008"/>
    <auth:candidate name="Farmer, Daniel"  id="FD0009"/>
    <auth:candidate name="Fisher, Daniel H."  id="FD0010"/>
    <auth:candidate name="Forbes, Daniel"  id="FD0011"/>
    <auth:candidate name="Fulton, David"  id="FD0012"/>
    <auth:candidate name="Frederick, D."  id="FD0013"/>
    <auth:candidate name="Feagans, Daniel"  id="FD0014"/>
    <auth:candidate name="Fuller, D."  id="FD0015"/>
    <auth:candidate name="Frazer, David"  id="FD0016"/>
    <auth:candidate name="Fonda, Douw I."  id="FD0017"/>
    <auth:candidate name="Fisk, Daniel"  id="FD0018"/>
    <auth:candidate name="Fuller, Daniel"  id="FD0019"/>
    <auth:candidate name="Faulkner, Daniel"  id="FD0020"/>
    <auth:candidate name="Farley, D. S."  id="FD0021"/>
    <auth:candidate name="Forney, Daniel M."  id="FD0022"/>
    <auth:candidate name="Fellowes, Daniel"  id="FD0023"/>
    <auth:candidate name="Finch, David G."  id="FD0024"/>
    <auth:candidate name="Farlin, Dudley"  id="FD0025"/>
    <auth:candidate name="Fagin, Daniel"  id="FD0026"/>
    <auth:candidate name="Fairley, Daniel"  id="FD0027"/>
    <auth:candidate name="Findlay, David"  id="FD0028"/>
    <auth:candidate name="Fox, David"  id="FD0029"/>
    <auth:candidate name="Field, Daniel"  id="FD0030"/>
    <auth:candidate name="Ford, Daniel D."  id="FD0031"/>
    <auth:candidate name="Fitzpatrick, Daniel"  id="FD0032"/>
    <auth:candidate name="Franck, Daniel"  id="FD0033"/>
    <auth:candidate name="Ferguson, David"  id="FD0034"/>
    <auth:candidate name="Funday, D. I."  id="FD0035"/>
    <auth:candidate name="Fullerton, David"  id="FD0036"/>
    <auth:candidate name="Fields, David"  id="FD0037"/>
    <auth:candidate name="Ferris, David"  id="FD0038"/>
    <auth:candidate name="Foote, David"  id="FD0039"/>
    <auth:candidate name="Fulton, David"  id="FD0040"/>
    <auth:candidate name="Force, David"  id="FD0041"/>
    <auth:candidate name="Fogelsonger, David"  id="FD0042"/>
    <auth:candidate name="Fisch, David G."  id="FD0043"/>
    <auth:candidate name="Foder, Daniel"  id="FD0044"/>
    <auth:candidate name="Fonda, Dow"  id="FD0045"/>
    <auth:candidate name="Fernham, Dudley S."  id="FD0046"/>
    <auth:candidate name="Focht, Daniel"  id="FD0047"/>
    <auth:candidate name="Follmer, Daniel"  id="FD0048"/>
    <auth:candidate name="Fitler, Daniel"  id="FD0049"/>
    <auth:candidate name="Forbes, Duncan"  id="FD0050"/>
    <auth:candidate name="Ford, Daniel"  id="FD0051"/>
    <auth:candidate name="Farrand, Daniel"  id="FD0052"/>
    <auth:candidate name="Fretz, Daniel"  id="FD0053"/>
    <auth:candidate name="Funk, Daniel, Sr."  id="FD0054"/>
    <auth:candidate name="Funterberg, Daniel"  id="FD0055"/>
    <auth:candidate name="Farrel, David"  id="FD0056"/>
    <auth:candidate name="Fay, David"  id="FD0057"/>
    <auth:candidate name="Flourney, David"  id="FD0058"/>
    <auth:candidate name="Fentress, David"  id="FD0059"/>
    <auth:candidate name="Fields, Daniel"  id="FD0060"/>
    <auth:candidate name="Flemming, D."  id="FD0061"/>
    <auth:candidate name="Fifcher, David"  id="FD0062"/>
    <auth:candidate name="Fore, David"  id="FD0063"/>
    <auth:candidate name="Farrand, David"  id="FD0064"/>
    <auth:candidate name="Fornand, Daniel"  id="FD0065"/>
    <auth:candidate name="Foot, David"  id="FD0066"/>
    <auth:candidate name="Flud, Daniel"  id="FD0067"/>
    <auth:candidate name="Ford, D."  id="FD0068"/>
    <auth:candidate name="Fogg, David"  id="FD0069"/>
    <auth:candidate name="Frazer, David"  id="FD0070"/>
    <auth:candidate name="Fore, David"  id="FD0071"/>
    
    <auth:candidate name="Freeman, Edmund"  id="FE0000"/>
    <auth:candidate name="Footer, Eleazer"  id="FE0001"/>
    <auth:candidate name="Freeland, Elias"  id="FE0002"/>
    <auth:candidate name="Fitch, Ephraim"  id="FE0003"/>
    <auth:candidate name="Ford, Elisha J."  id="FE0005"/>
    <auth:candidate name="Fessenden, Ebenezer"  id="FE0006"/>
    <auth:candidate name="Fort, Elias"  id="FE0007"/>
    <auth:candidate name="Ferris, Ezra"  id="FE0008"/>
    <auth:candidate name="Foot, Ebenezer"  id="FE0009"/>
    <auth:candidate name="Fromintin, Eligius"  id="FE0010"/>
    <auth:candidate name="Fletcher, Edward"  id="FE0011"/>
    <auth:candidate name="Fisher, Ebenezer"  id="FE0012"/>
    <auth:candidate name="Floyd, Ebenezer"  id="FE0013"/>
    <auth:candidate name="Ford, Ebenezer"  id="FE0014"/>
    <auth:candidate name="Foster, Edmund"  id="FE0015"/>
    <auth:candidate name="Foot, Enos"  id="FE0016"/>
    <auth:candidate name="Finley, Ebenezer L."  id="FE0017"/>
    <auth:candidate name="Farley, E."  id="FE0018"/>
    <auth:candidate name="Ford, E. G."  id="FE0019"/>
    <auth:candidate name="Fisher, Ebenezer"  id="FE0020"/>
    <auth:candidate name="Flint, Ebenezer"  id="FE0021"/>
    <auth:candidate name="Fowle, Edmund"  id="FE0022"/>
    <auth:candidate name="Fletcher, Ebenezer"  id="FE0023"/>
    <auth:candidate name="Foster, Ezra"  id="FE0024"/>
    <auth:candidate name="Flagg, Enoch"  id="FE0025"/>
    <auth:candidate name="Flinn, Ebenezer"  id="FE0026"/>
    <auth:candidate name="Foster, Ezekiel"  id="FE0027"/>
    <auth:candidate name="Fessendon, Ebenezer, Jr."  id="FE0028"/>
    <auth:candidate name="Fuller, Eli"  id="FE0029"/>
    <auth:candidate name="Forbes, Eli"  id="FE0030"/>
    <auth:candidate name="Fisk, Elisha"  id="FE0031"/>
    <auth:candidate name="Freeman, Enoch"  id="FE0032"/>
    <auth:candidate name="Foxcomb, Enoch"  id="FE0033"/>
    <auth:candidate name="Freeman, Enook"  id="FE0034"/>
    <auth:candidate name="Foote, Ebenezer"  id="FE0035"/>
    <auth:candidate name="Fool, Enos"  id="FE0036"/>
    <auth:candidate name="Fitch, Ephraim"  id="FE0037"/>
    <auth:candidate name="Foss, Ephraim"  id="FE0038"/>
    <auth:candidate name="Ford, Ephraim"  id="FE0039"/>
    <auth:candidate name="Foster, Erastus"  id="FE0040"/>
    <auth:candidate name="Foote, Elial T."  id="FE0041"/>
    <auth:candidate name="Ford, Ebenezer"  id="FE0042"/>
    <auth:candidate name="Feris, Edward"  id="FE0043"/>
    <auth:candidate name="Foote, Elijah T."  id="FE0044"/>
    <auth:candidate name="Fox, Elder"  id="FE0045"/>
    <auth:candidate name="Ferris, Elijah"  id="FE0046"/>
    <auth:candidate name="Fish, Elisha"  id="FE0047"/>
    <auth:candidate name="Farnham, Elisha"  id="FE0048"/>
    <auth:candidate name="Foot, Elisha"  id="FE0049"/>
    <auth:candidate name="Fenimore, Ebenezer"  id="FE0050"/>
    <auth:candidate name="Freeman, Edmund B."  id="FE0051"/>
    <auth:candidate name="Fish, Ephraim"  id="FE0052"/>
    <auth:candidate name="Finley, Ebenezer"  id="FE0053"/>
    <auth:candidate name="Ferguson, Ebenezer"  id="FE0054"/>
    <auth:candidate name="Foulke, Everard"  id="FE0055"/>
    <auth:candidate name="Frear, Evert"  id="FE0056"/>
    <auth:candidate name="Fuller, Edward"  id="FE0057"/>
    <auth:candidate name="Fosgate, Ezekiel"  id="FE0058"/>
    <auth:candidate name="Fitch, Ezra"  id="FE0059"/>
    <auth:candidate name="Ferree, Elijah"  id="FE0060"/>
    <auth:candidate name="Fuller, Edward"  id="FE0061"/>
    <auth:candidate name="Foote, Erastus"  id="FE0062"/>
    <auth:candidate name="Fuller, Elisha"  id="FE0063"/>
    <auth:candidate name="Field, Elikis"  id="FE0064"/>
    <auth:candidate name="Fifield, Edward"  id="FE0065"/>
    <auth:candidate name="Foot, Elijah"  id="FE0066"/>
    <auth:candidate name="Fillemore, Elijah"  id="FE0067"/>
    
    <auth:candidate name="Fleming, F.T."  id="FF0000"/>
    <auth:candidate name="Freeman, Frederic"  id="FF0001"/>
    <auth:candidate name="Fell, Frederick S."  id="FF0002"/>
    <auth:candidate name="Flynt, F."  id="FF0003"/>
    <auth:candidate name="Forney, Frederick"  id="FF0004"/>
    <auth:candidate name="Freeman, Francis"  id="FF0005"/>
    <auth:candidate name="Fulton, Francis"  id="FF0006"/>
    <auth:candidate name="Faulkner, Francis"  id="FF0007"/>
    <auth:candidate name="Flournoy, Francis"  id="FF0008"/>
    <auth:candidate name="Forstall, Felix"  id="FF0009"/>
    <auth:candidate name="Favereau, Francis"  id="FF0010"/>
    <auth:candidate name="Forman, Francis S."  id="FF0011"/>
    <auth:candidate name="Frelinghuysen, Frederick"  id="FF0012"/>
    <auth:candidate name="Fox, Frank"  id="FF0013"/>
    <auth:candidate name="Fox, Frederick"  id="FF0014"/>
    <auth:candidate name="Fricke, Frederick"  id="FF0015"/>
    <auth:candidate name="Fuller, Frederick"  id="FF0016"/>
<auth:candidate name="Fourpough, Frederick"  id="FF0020"/>
<auth:candidate name="Foering, Frederick"  id="FF0022"/>
<auth:candidate name="Freeman, Francis"  id="FF0023"/>
<auth:candidate name="Fishburne, Francis B."  id="FF0024"/>
<auth:candidate name="Freeman, Foster"  id="FF0025"/>
<auth:candidate name="Forbes, Francis"  id="FF0026"/>
<auth:candidate name="Fisher, Fenwick"  id="FF0027"/>
    <auth:candidate name="Franklin, George"  id="FG0000"/>
    <auth:candidate name="Fedrich, George"  id="FG0001"/>
    <auth:candidate name="Fisher, George"  id="FG0002"/>
    <auth:candidate name="Forbus, George"  id="FG0003"/>
    <auth:candidate name="Fergerson, George"  id="FG0004"/>
    <auth:candidate name="Filson, George"  id="FG0005"/>
    <auth:candidate name="Forquer, George"  id="FG0006"/>
    <auth:candidate name="Foos, Griffith"  id="FG0007"/>
    <auth:candidate name="Floyd, Gabriel J."  id="FG0008"/>
    <auth:candidate name="Forrest, Gresham"  id="FG0009"/>
    <auth:candidate name="Floyd, George R.C."  id="FG0010"/>
    <auth:candidate name="Fisher, George"  id="FG0011"/>
    <auth:candidate name="Flaujac, Garrique"  id="FG0012"/>
    <auth:candidate name="Franciscus, George"  id="FG0013"/>
    <auth:candidate name="Fenno, George"  id="FG0014"/>
    <auth:candidate name="Ford, Gabriel H."  id="FG0015"/>
    <auth:candidate name="French, George"  id="FG0016"/>
    <auth:candidate name="Ferguson, George D."  id="FG0017"/>
    <auth:candidate name="Furman, Gabriel"  id="FG0018"/>
    <auth:candidate name="Fisher, George"  id="FG0019"/>
    <auth:candidate name="Fennell, George"  id="FG0020"/>
    <auth:candidate name="Feurt, Gabriel"  id="FG0021"/>
    <auth:candidate name="Fox, George"  id="FG0022"/>
    <auth:candidate name="Funk, George, Jr."  id="FG0023"/>
    <auth:candidate name="Ferguson, George W."  id="FG0024"/>
    <auth:candidate name="Frenchman, Genet"  id="FG0025"/>
    <auth:candidate name="Forepaugh, George"  id="FG0026"/>
    <auth:candidate name="Frank, George"  id="FG0027"/>
    <auth:candidate name="Fegan, George"  id="FG0028"/>
    <auth:candidate name="Feeter, George H."  id="FG0029"/>
    <auth:candidate name="Freysinger, George"  id="FG0030"/>
    <auth:candidate name="Frederick, G."  id="FG0031"/>
    <auth:candidate name="Farrell, George"  id="FG0032"/>
    <auth:candidate name="Flagg, George"  id="FG0033"/>
    <auth:candidate name="Ferguson, George"  id="FG0034"/>
    <auth:candidate name="Ficklin, George"  id="FG0035"/>
    <auth:candidate name="Farnham, George"  id="FG0036"/>
    <auth:candidate name="Fox, George"  id="FG0037"/>
    <auth:candidate name="Foote, George W."  id="FG0038"/>
    <auth:candidate name="Foalas, George"  id="FG0039"/>
    <auth:candidate name="Ford, George D."  id="FG0040"/>
    <auth:candidate name="Ford, George W."  id="FG0041"/>
    <auth:candidate name="Furness, G."  id="FG0042"/>
    <auth:candidate name="Freed, George, Jr."  id="FG0043"/>
    <auth:candidate name="Feller, George"  id="FG0044"/>
    <auth:candidate name="Fitch, Grant"  id="FG0045"/>
    <auth:candidate name="Ford, Gabriel S."  id="FG0046"/>
    
    <auth:candidate name="Fouke, Henry"  id="FH0000"/>
    <auth:candidate name="Franklin, Henry, Jr."  id="FH0001"/>
    <auth:candidate name="Frias, Henry"  id="FH0002"/>
    <auth:candidate name="Ford, Henry"  id="FH0003"/>
    <auth:candidate name="Fad, Henry"  id="FH0004"/>
    <auth:candidate name="Freeman, Henry"  id="FH0005"/>
    <auth:candidate name="Filler, Henry"  id="FH0006"/>
    <auth:candidate name="Fisk, Hezekiah"  id="FH0007"/>
    <auth:candidate name="Fryer, Henry"  id="FH0008"/>
    <auth:candidate name="Frey, Henry"  id="FH0009"/>
    <auth:candidate name="Fonda, Henry"  id="FH0010"/>
    <auth:candidate name="Field, Henry"  id="FH0011"/>
    <auth:candidate name="Fish, Howland"  id="FH0012"/>
    <auth:candidate name="Fellows, Henry"  id="FH0013"/>
    <auth:candidate name="Fitts, Henry"  id="FH0014"/>
    <auth:candidate name="Flowers, Hardy"  id="FH0015"/>
    <auth:candidate name="Foster, Hackaliah"  id="FH0016"/>
    <auth:candidate name="Funk, Harmanus"  id="FH0017"/>
    <auth:candidate name="Falling, Henry, Jr."  id="FH0018"/>
    <auth:candidate name="Flury, Henry"  id="FH0019"/>
    <auth:candidate name="Fontaine, Henry"  id="FH0020"/>
    <auth:candidate name="Francis, Henry M."  id="FH0021"/>
    <auth:candidate name="Fitts, H."  id="FH0022"/>
    <auth:candidate name="Fordsman, Hugh"  id="FH0023"/>
    <auth:candidate name="Forrest, Henry"  id="FH0024"/>
    <auth:candidate name="Forsman, Hugh"  id="FH0025"/>
    <auth:candidate name="Ferguson, Hugh"  id="FH0026"/>
    <auth:candidate name="Frink, Henry"  id="FH0027"/>
    <auth:candidate name="Failing, Henry"  id="FH0028"/>
    <auth:candidate name="Ford, Henry"  id="FH0029"/>
    <auth:candidate name="Ferris, Henry"  id="FH0030"/>
    <auth:candidate name="Frisbie, Hezekiah"  id="FH0031"/>
    <auth:candidate name="Frink, Hiram"  id="FH0032"/>
    <auth:candidate name="Funk, Henry"  id="FH0033"/>
    <auth:candidate name="Flint, Howe"  id="FH0034"/>
    <auth:candidate name="Finch, H."  id="FH0035"/>
    <auth:candidate name="Fay, Hezekiah"  id="FH0036"/>
    <auth:candidate name="Fassett, Henry"  id="FH0037"/>
    <auth:candidate name="Forrest, Henry"  id="FH0038"/>
    <auth:candidate name="Felty, Henry"  id="FH0039"/>
    <auth:candidate name="Freas, Henry"  id="FH0040"/>
    <auth:candidate name="Fisher, Henry"  id="FH0041"/>
    <auth:candidate name="Ford, Henry"  id="FH0042"/>
    <auth:candidate name="Fore, Henry"  id="FH0043"/>
    <auth:candidate name="Fenner, Henry"  id="FH0044"/>
    <auth:candidate name="Frick, Henry"  id="FH0045"/>
<auth:candidate name="Fine, Henry M."  id="FH0047"/>
<auth:candidate name="Fullerton, Humphrey"  id="FH0048"/>
<auth:candidate name="Fetter, Henry"  id="FH0049"/>
<auth:candidate name="Felder, Henry"  id="FH0050"/>
<auth:candidate name="Flagg, H. C."  id="FH0051"/>
<auth:candidate name="Frey, Henry"  id="FH0052"/>
<auth:candidate name="Field, Horace"  id="FH0053"/>
<auth:candidate name="Faris, Humphrey"  id="FH0054"/>
<auth:candidate name="Fletcher, Henry"  id="FH0055"/>
<auth:candidate name="Fromberger, Henry"  id="FH0056"/>
<auth:candidate name="Field, Hume"  id="FH0057"/>
    <auth:candidate name="Fell, Isaac"  id="FI0000"/>
    <auth:candidate name="Freeman, Isaac"  id="FI0001"/>
    <auth:candidate name="Farlee, Isaac Q."  id="FI0002"/>
    <auth:candidate name="Franklin, Isaac"  id="FI0003"/>
    <auth:candidate name="Fuller, Ira"  id="FI0004"/>
    <auth:candidate name="Fearing, Israel"  id="FI0005"/>
    <auth:candidate name="Fiske, Isaac"  id="FI0006"/>
    <auth:candidate name="Fairfield, Ichabod"  id="FI0007"/>
    <auth:candidate name="Frank, Israel"  id="FI0008"/>
    <auth:candidate name="Foot, Isaac, Sr."  id="FI0009"/>
    <auth:candidate name="Fryer, Isaac"  id="FI0010"/>
    <auth:candidate name="Ford, Ira"  id="FI0011"/>
    <auth:candidate name="Foote, Ira"  id="FI0012"/>
    <auth:candidate name="Foote, Isaac, Jr."  id="FI0013"/>
    <auth:candidate name="Foster, Isaac"  id="FI0014"/>
    <auth:candidate name="Ferrell, Isaac V."  id="FI0015"/>
    <auth:candidate name="Finch, Isaac"  id="FI0016"/>
    <auth:candidate name="Filkins, Isaac"  id="FI0017"/>
    <auth:candidate name="Franks, Isaac"  id="FI0018"/>
    <auth:candidate name="Folson, Israel"  id="FI0019"/>
    <auth:candidate name="Ferree, Isaac"  id="FI0020"/>
    <auth:candidate name="Fletcher, Isaac"  id="FI0021"/>
    <auth:candidate name="Fish, Isaiah"  id="FI0022"/>
    <auth:candidate name="Farlee, Isaac G."  id="FI0023"/>
    <auth:candidate name="Fine, Isaac"  id="FI0024"/>
    <auth:candidate name="Forsyth, Isaac"  id="FI0025"/>
    
    <auth:candidate name="Foster, Isaac"  id="FI0029"/>
    <auth:candidate name="Fry, Irwin N."  id="FI0030"/>
    <auth:candidate name="Fitzpatrick, Joseph"  id="FJ0000"/>
    <auth:candidate name="Fulton, John S."  id="FJ0001"/>
    <auth:candidate name="Fitch, Jabez"  id="FJ0002"/>
    <auth:candidate name="Forman, Jonathan"  id="FJ0003"/>
    <auth:candidate name="Folsom, John"  id="FJ0004"/>
    <auth:candidate name="Ford, James"  id="FJ0005"/>
    <auth:candidate name="Forman, John"  id="FJ0006"/>
    <auth:candidate name="Farris, Jacob"  id="FJ0007"/>
    <auth:candidate name="Frantor, John"  id="FJ0008"/>
    <auth:candidate name="Fasset, John"  id="FJ0009"/>
    <auth:candidate name="Furbee, Jacob"  id="FJ0010"/>
    <auth:candidate name="Fisher, Joshua"  id="FJ0011"/>
    <auth:candidate name="Farris, John"  id="FJ0012"/>
    <auth:candidate name="Finsthwait, James"  id="FJ0013"/>
    <auth:candidate name="Fry, Thomas"  id="FJ0014"/>
    <auth:candidate name="Forbes, James Grant"  id="FJ0015"/>
    <auth:candidate name="Foote, Jacob"  id="FJ0016"/>
    <auth:candidate name="Footer, John"  id="FJ0017"/>
    <auth:candidate name="Foster, John"  id="FJ0018"/>
    <auth:candidate name="Floyd, John"  id="FJ0019"/>
    <auth:candidate name="Fitzbugh, John"  id="FJ0020"/>
    <auth:candidate name="Forsyth, John"  id="FJ0021"/>
    <auth:candidate name="Fairbanks, Joseph"  id="FJ0022"/>
    <auth:candidate name="Fleming, James"  id="FJ0023"/>
    <auth:candidate name="Fernald, Josiah"  id="FJ0024"/>
    <auth:candidate name="Farnsworth, Jonas"  id="FJ0025"/>
    <auth:candidate name="Frank, Jonathan"  id="FJ0026"/>
    <auth:candidate name="Ford, James"  id="FJ0027"/>
    <auth:candidate name="Fulton, John S."  id="FJ0028"/>
    <auth:candidate name="Frenchard, John"  id="FJ0029"/>
    <auth:candidate name="Forman, John C."  id="FJ0030"/>
    <auth:candidate name="Foote, John"  id="FJ0031"/>
    <auth:candidate name="Foot, James"  id="FJ0032"/>
    <auth:candidate name="Fox, Jacob"  id="FJ0033"/>
    <auth:candidate name="Fleming, John"  id="FJ0036"/>
    <auth:candidate name="Forrest, James"  id="FJ0037"/>
    <auth:candidate name="Frazer, John"  id="FJ0038"/>
    <auth:candidate name="Fox, James N."  id="FJ0039"/>
    <auth:candidate name="Fry, Jacob"  id="FJ0040"/>
    <auth:candidate name="Foley, John"  id="FJ0041"/>
    <auth:candidate name="Fitch, John G."  id="FJ0042"/>
    <auth:candidate name="Fletcher, Job"  id="FJ0043"/>
    <auth:candidate name="Forrister, John"  id="FJ0044"/>
    <auth:candidate name="Finley, John"  id="FJ0045"/>
    <auth:candidate name="Farrington, James"  id="FJ0046"/>
    <auth:candidate name="Fowler, John"  id="FJ0047"/>
    <auth:candidate name="Faulkner, John"  id="FJ0048"/>
    <auth:candidate name="Fry, Joshua"  id="FJ0049"/>
    <auth:candidate name="Fairbanks, Joseph"  id="FJ0050"/>
    <auth:candidate name="Flournoy, John J."  id="FJ0051"/>
    <auth:candidate name="Fenbrooks, John"  id="FJ0052"/>
    <auth:candidate name="Ford, John"  id="FJ0053"/>
    <auth:candidate name="Ford, Judge"  id="FJ0054"/>
    <auth:candidate name="Field, John"  id="FJ0055"/>
    <auth:candidate name="Fulsom, John"  id="FJ0056"/>
    <auth:candidate name="Flood, Joel W."  id="FJ0057"/>
    <auth:candidate name="Ferguson, James"  id="FJ0058"/>
    <auth:candidate name="Fay, John"  id="FJ0059"/>
    <auth:candidate name="Fort, J. A."  id="FJ0060"/>
    <auth:candidate name="Fox, John C."  id="FJ0061"/>
    <auth:candidate name="Funk, Jacob"  id="FJ0062"/>
    <auth:candidate name="Forwood, John"  id="FJ0063"/>
    <auth:candidate name="Fischer, John"  id="FJ0064"/>
    <auth:candidate name="Fonda, John"  id="FJ0065"/>
    <auth:candidate name="Frisby, James"  id="FJ0066"/>
    <auth:candidate name="Fuller, Jeremiah"  id="FJ0067"/>
    <auth:candidate name="Forster, John"  id="FJ0068"/>
    <auth:candidate name="Fermon, John"  id="FJ0069"/>
    <auth:candidate name="Forbes, James"  id="FJ0070"/>
    <auth:candidate name="French, Jabez"  id="FJ0071"/>
    <auth:candidate name="Frazier, James"  id="FJ0072"/>
    <auth:candidate name="Frazier, John R."  id="FJ0073"/>
    <auth:candidate name="Fenwick, James"  id="FJ0074"/>
    <auth:candidate name="Fraser, John H."  id="FJ0075"/>
    <auth:candidate name="Falkner, J."  id="FJ0076"/>
    <auth:candidate name="Fergus, J."  id="FJ0077"/>
    <auth:candidate name="Fulton, James"  id="FJ0078"/>
    <auth:candidate name="Farr, J."  id="FJ0079"/>
    <auth:candidate name="Fell, Jesse"  id="FJ0080"/>
    <auth:candidate name="Frey, John"  id="FJ0081"/>
    <auth:candidate name="Ford, John E."  id="FJ0082"/>
    <auth:candidate name="Finley, James"  id="FJ0083"/>
    <auth:candidate name="Franklin, John"  id="FJ0084"/>
    <auth:candidate name="Fennal, Joseph"  id="FJ0085"/>
    <auth:candidate name="Fulton, John"  id="FJ0086"/>
    <auth:candidate name="Franklin, Jacob, Jr."  id="FJ0087"/>
    <auth:candidate name="Fisher, James W."  id="FJ0088"/>
    <auth:candidate name="Fulmer, Jacob"  id="FJ0089"/>
    <auth:candidate name="Forwood, John"  id="FJ0090"/>
    <auth:candidate name="Fitch, John"  id="FJ0091"/>
    <auth:candidate name="Folker, John Casper"  id="FJ0092"/>
    <auth:candidate name="Fookes, Jonathan"  id="FJ0093"/>
    <auth:candidate name="Fisher, James C."  id="FJ0094"/>
    <auth:candidate name="Fair, John"  id="FJ0095"/>
    <auth:candidate name="Forman, Jonathan"  id="FJ0096"/>
    <auth:candidate name="Franciscus, John"  id="FJ0097"/>
    <auth:candidate name="Frederick, Jacob"  id="FJ0098"/>
    <auth:candidate name="Findlay, James"  id="FJ0099"/>
    <auth:candidate name="Ford, James R."  id="FJ0100"/>
    <auth:candidate name="Fulton, Jesse"  id="FJ0101"/>
    <auth:candidate name="Forrest, Julius"  id="FJ0102"/>
    <auth:candidate name="Fellows, John"  id="FJ0103"/>
    <auth:candidate name="Finley, John P."  id="FJ0104"/>
    <auth:candidate name="Francis, John"  id="FJ0105"/>
    <auth:candidate name="Fisher, John"  id="FJ0106"/>
    <auth:candidate name="Fogg, Joseph"  id="FJ0107"/>
    <auth:candidate name="Fearson, Jesse"  id="FJ0108"/>
    <auth:candidate name="Fowler, John"  id="FJ0109"/>
    <auth:candidate name="Fitch, Jonathan"  id="FJ0110"/>
    <auth:candidate name="Ford, Jacob"  id="FJ0111"/>
    <auth:candidate name="Fessendon, John"  id="FJ0115"/>
    <auth:candidate name="Ford, John B."  id="FJ0116"/>
    <auth:candidate name="Forwood, John"  id="FJ0117"/>
    <auth:candidate name="Fisher, John"  id="FJ0118"/>
    <auth:candidate name="Fudge, Jacob"  id="FJ0119"/>
    <auth:candidate name="Ford, James"  id="FJ0120"/>
    <auth:candidate name="Fox, Joseph"  id="FJ0121"/>
    <auth:candidate name="Forshey, John"  id="FJ0122"/>
    <auth:candidate name="Freedle, Jesse"  id="FJ0123"/>
    <auth:candidate name="Farley, John"  id="FJ0124"/>
    <auth:candidate name="Fuller, Joseph, 3rd"  id="FJ0125"/>
    <auth:candidate name="Fisher, Jabez"  id="FJ0126"/>
    <auth:candidate name="Fowler, James"  id="FJ0127"/>
    <auth:candidate name="Farror, John"  id="FJ0128"/>
    <auth:candidate name="Farley, Jabez"  id="FJ0129"/>
    <auth:candidate name="Freeman, James"  id="FJ0130"/>
    <auth:candidate name="Foster, Joel"  id="FJ0131"/>
    <auth:candidate name="Frost, Joshua"  id="FJ0132"/>
    <auth:candidate name="Findley, John"  id="FJ0133"/>
    <auth:candidate name="Fisk, John"  id="FJ0134"/>
    <auth:candidate name="Flanders, James"  id="FJ0135"/>
    <auth:candidate name="Fox, John"  id="FJ0136"/>
    <auth:candidate name="Foxcroft, John"  id="FJ0137"/>
    <auth:candidate name="Freeman, Jonathan"  id="FJ0138"/>
    <auth:candidate name="Frost, John"  id="FJ0139"/>
    <auth:candidate name="Fay, Jonathan"  id="FJ0140"/>
    <auth:candidate name="Fuller, J., Jr."  id="FJ0141"/>
    <auth:candidate name="Flagg, James"  id="FJ0142"/>
    <auth:candidate name="Fordick, James"  id="FJ0143"/>
    <auth:candidate name="Fuller, James"  id="FJ0144"/>
    <auth:candidate name="Farley, James"  id="FJ0145"/>
    <auth:candidate name="Fogg, Jeremiah"  id="FJ0146"/>
    <auth:candidate name="Frothingham, John"  id="FJ0147"/>
    <auth:candidate name="Farmer, John"  id="FJ0148"/>
    <auth:candidate name="Franklin, Jonathan"  id="FJ0149"/>
    <auth:candidate name="Fury, John"  id="FJ0150"/>
    <auth:candidate name="French, John"  id="FJ0151"/>
    <auth:candidate name="Falkenburge, Joseph"  id="FJ0152"/>
    <auth:candidate name="Fitz, John"  id="FJ0153"/>
    <auth:candidate name="Frelinghuysen, John"  id="FJ0154"/>
    <auth:candidate name="Freeman, Jonathan"  id="FJ0155"/>
    <auth:candidate name="Fithian, Joel"  id="FJ0156"/>
    <auth:candidate name="Foster, Jacob"  id="FJ0157"/>
    <auth:candidate name="Foxcomb, John"  id="FJ0158"/>
    <auth:candidate name="Fitch, John"  id="FJ0159"/>
    <auth:candidate name="Foley, John"  id="FJ0160"/>
    <auth:candidate name="Foster, John"  id="FJ0161"/>
    <auth:candidate name="Fitz, John"  id="FJ0162"/>
    <auth:candidate name="Fiskin, John"  id="FJ0163"/>
    <auth:candidate name="Fowley, John"  id="FJ0164"/>
    <auth:candidate name="Forman, Joshua"  id="FJ0165"/>
    <auth:candidate name="Fairfield, John"  id="FJ0166"/>
    <auth:candidate name="Farlee, John"  id="FJ0167"/>
    <auth:candidate name="Foster, John"  id="FJ0168"/>
    <auth:candidate name="French, Jonathan"  id="FJ0169"/>
    <auth:candidate name="Flagg, Jonathan"  id="FJ0170"/>
    <auth:candidate name="Field, Joseph"  id="FJ0171"/>
    <auth:candidate name="Forward, Joseph"  id="FJ0172"/>
    <auth:candidate name="Ford, Jacob"  id="FJ0173"/>
    <auth:candidate name="Frey, John"  id="FJ0174"/>
    <auth:candidate name="Fairfield, John"  id="FJ0175"/>
    <auth:candidate name="Fonda, Jellis A."  id="FJ0176"/>
    <auth:candidate name="Fairbrook, Joseph"  id="FJ0177"/>
    <auth:candidate name="French, Joseph"  id="FJ0178"/>
    <auth:candidate name="Fitch, Jonathan"  id="FJ0179"/>
    <auth:candidate name="Fairlie, James"  id="FJ0180"/>
    <auth:candidate name="Frank, John"  id="FJ0181"/>
    <auth:candidate name="Fort, Jacob A."  id="FJ0182"/>
    <auth:candidate name="Fisher, Josiah"  id="FJ0183"/>
    <auth:candidate name="Fox, Jabez"  id="FJ0184"/>
    <auth:candidate name="Fairchild, James"  id="FJ0185"/>
    <auth:candidate name="Fisk, Jared"  id="FJ0186"/>
    <auth:candidate name="Fenton, Jason"  id="FJ0187"/>
    <auth:candidate name="Frairs, Joseph"  id="FJ0188"/>
    <auth:candidate name="Ferris, Jacob"  id="FJ0189"/>
    <auth:candidate name="Farrington, John"  id="FJ0190"/>
    <auth:candidate name="Fields, Joseph C."  id="FJ0191"/>
    <auth:candidate name="Faulkner, James"  id="FJ0192"/>
    <auth:candidate name="Fine, John"  id="FJ0193"/>
    <auth:candidate name="Fiquet, John P."  id="FJ0194"/>
    <auth:candidate name="Frost, Joel"  id="FJ0195"/>
    <auth:candidate name="Floyd, John"  id="FJ0196"/>
    <auth:candidate name="Foot, John"  id="FJ0197"/>
    <auth:candidate name="France, John"  id="FJ0198"/>
    <auth:candidate name="Fisk, Jonathan"  id="FJ0199"/>
    <auth:candidate name="Freleigh, John"  id="FJ0200"/>
    <auth:candidate name="Ferris, John A."  id="FJ0201"/>
    <auth:candidate name="Fay, Jonas"  id="FJ0202"/>
    <auth:candidate name="Fleet, John"  id="FJ0203"/>
    <auth:candidate name="Floyd, Jesse M."  id="FJ0204"/>
    <auth:candidate name="Forman, Joshua"  id="FJ0205"/>
    <auth:candidate name="Frary, Jonathan"  id="FJ0206"/>
    <auth:candidate name="Freeke, J. C."  id="FJ0207"/>
    <auth:candidate name="Ferguson, John"  id="FJ0208"/>
    <auth:candidate name="Fell, John"  id="FJ0209"/>
    <auth:candidate name="Fowler, Jabez"  id="FJ0210"/>
    <auth:candidate name="Finch, Jabish S."  id="FJ0211"/>
    <auth:candidate name="Fadden, John M."  id="FJ0212"/>
    <auth:candidate name="Foster, James G."  id="FJ0213"/>
    <auth:candidate name="Finch, James, Jr."  id="FJ0214"/>
    <auth:candidate name="Frost, James"  id="FJ0215"/>
    <auth:candidate name="Ferris, Jonathan"  id="FJ0216"/>
    <auth:candidate name="Francisco, John I."  id="FJ0217"/>
    <auth:candidate name="Fossett, John"  id="FJ0218"/>
    <auth:candidate name="Fink, Jacob"  id="FJ0219"/>
    <auth:candidate name="Fleet, Joshua"  id="FJ0220"/>
    <auth:candidate name="Ferdon, Jacob"  id="FJ0221"/>
    <auth:candidate name="Fort, Jacob A."  id="FJ0222"/>
    <auth:candidate name="Ferris, Josiah"  id="FJ0223"/>
    <auth:candidate name="Ferris, John"  id="FJ0224"/>
    <auth:candidate name="Fisk, Josiah"  id="FJ0225"/>
    <auth:candidate name="Faulkner, James"  id="FJ0226"/>
    <auth:candidate name="Fifield, Jesse"  id="FJ0227"/>
    <auth:candidate name="Franklin, Jesse"  id="FJ0228"/>
    <auth:candidate name="Finch, Jacob"  id="FJ0229"/>
    <auth:candidate name="Farmer, James"  id="FJ0230"/>
    <auth:candidate name="Ford, James"  id="FJ0231"/>
    <auth:candidate name="Ferris, James"  id="FJ0232"/>
    <auth:candidate name="Ford, James"  id="FJ0233"/>
    <auth:candidate name="Fish, James"  id="FJ0234"/>
    <auth:candidate name="Flinn, James"  id="FJ0235"/>
    <auth:candidate name="Fay, James"  id="FJ0236"/>
    <auth:candidate name="Ford, James, Jr."  id="FJ0237"/>
    <auth:candidate name="Frazier, James"  id="FJ0238"/>
    <auth:candidate name="French, Jared"  id="FJ0239"/>
    <auth:candidate name="Fox, Jarvis"  id="FJ0240"/>
    <auth:candidate name="Fadding, John W."  id="FJ0241"/>
    <auth:candidate name="Foster, John"  id="FJ0242"/>
    <auth:candidate name="Farrar, John"  id="FJ0243"/>
    <auth:candidate name="Fuller, John"  id="FJ0244"/>
    <auth:candidate name="French, John"  id="FJ0245"/>
    <auth:candidate name="Folts, John"  id="FJ0246"/>
    <auth:candidate name="Fairchild, John"  id="FJ0247"/>
    <auth:candidate name="Fisher, Jacob"  id="FJ0248"/>
    <auth:candidate name="Fox, John"  id="FJ0249"/>
    <auth:candidate name="Farmer, Joseph"  id="FJ0250"/>
    <auth:candidate name="Fitch, John M."  id="FJ0251"/>
    <auth:candidate name="Follicott, John"  id="FJ0252"/>
    <auth:candidate name="Fry, John"  id="FJ0253"/>
    <auth:candidate name="French, John"  id="FJ0254"/>
    <auth:candidate name="Fisser, John"  id="FJ0255"/>
    <auth:candidate name="Flack, John"  id="FJ0256"/>
    <auth:candidate name="Freer, John I."  id="FJ0257"/>
    <auth:candidate name="Forbes, John"  id="FJ0258"/>
    <auth:candidate name="Flood, John"  id="FJ0259"/>
    <auth:candidate name="Franklin, John"  id="FJ0260"/>
    <auth:candidate name="Feeks, John"  id="FJ0261"/>
    <auth:candidate name="Floyd, John"  id="FJ0262"/>
    <auth:candidate name="Fairchild, John T."  id="FJ0263"/>
    <auth:candidate name="Forman, John A."  id="FJ0264"/>
    <auth:candidate name="Ferris, Jonathan"  id="FJ0265"/>
    <auth:candidate name="Freeman, Jonathan"  id="FJ0266"/>
    <auth:candidate name="Foreman, Jonathan"  id="FJ0267"/>
    <auth:candidate name="Farnesworth, Jones W."  id="FJ0268"/>
    <auth:candidate name="Ferebee, Joseph"  id="FJ0269"/>
    <auth:candidate name="Fairbanks, Joseph"  id="FJ0270"/>
    <auth:candidate name="Flynt, Joseph"  id="FJ0271"/>
    <auth:candidate name="Felter, Jacob"  id="FJ0272"/>
    <auth:candidate name="Fulton, John A."  id="FJ0273"/>
    <auth:candidate name="Flower, Joseph"  id="FJ0274"/>
    <auth:candidate name="Farrand, Joseph"  id="FJ0275"/>
    <auth:candidate name="Forman, Joseph"  id="FJ0276"/>
    <auth:candidate name="Ferris, Joshua"  id="FJ0277"/>
    <auth:candidate name="Folkerth, John"  id="FJ0278"/>
    <auth:candidate name="Ferrand, Justis"  id="FJ0279"/>
    <auth:candidate name="Fordney, Jacob"  id="FJ0280"/>
    <auth:candidate name="Foos, Joseph"  id="FJ0281"/>
    <auth:candidate name="Fleming, James L."  id="FJ0282"/>
    <auth:candidate name="Foster, James"  id="FJ0283"/>
    <auth:candidate name="Fergus, James"  id="FJ0284"/>
    <auth:candidate name="Frame, James"  id="FJ0285"/>
    <auth:candidate name="Fleming, James"  id="FJ0286"/>
    <auth:candidate name="Fry, Joseph"  id="FJ0287"/>
    <auth:candidate name="Fetterman, John"  id="FJ0288"/>
    <auth:candidate name="Filbert, John"  id="FJ0289"/>
    <auth:candidate name="Fincher, John"  id="FJ0290"/>
    <auth:candidate name="Forry, John, Jr."  id="FJ0291"/>
    <auth:candidate name="Foster, Jonathan"  id="FJ0292"/>
    <auth:candidate name="Fell, Joseph"  id="FJ0293"/>
    <auth:candidate name="Fassett, Josiah"  id="FJ0294"/>
    <auth:candidate name="Fogel, John"  id="FJ0295"/>
    <auth:candidate name="Fager, J."  id="FJ0296"/>
    <auth:candidate name="Fidler, John"  id="FJ0297"/>
    <auth:candidate name="Frederick, Jacob"  id="FJ0298"/>
    <auth:candidate name="Fisher, John"  id="FJ0299"/>
    <auth:candidate name="Findlay, James"  id="FJ0300"/>
    <auth:candidate name="Funk, John"  id="FJ0301"/>
    <auth:candidate name="Finley, James"  id="FJ0302"/>
    <auth:candidate name="Fletcher, J."  id="FJ0303"/>
    <auth:candidate name="Fletcher, John"  id="FJ0304"/>
    <auth:candidate name="Forsyth, John"  id="FJ0305"/>
    <auth:candidate name="Findlay, James"  id="FJ0306"/>
    <auth:candidate name="Fritz, J."  id="FJ0307"/>
    <auth:candidate name="Fish, Jabez"  id="FJ0308"/>
    <auth:candidate name="Franklin, John"  id="FJ0309"/>
    <auth:candidate name="Faeundies, Jacob"  id="FJ0310"/>
    <auth:candidate name="Frick, John"  id="FJ0311"/>
    <auth:candidate name="Franks, Jacob"  id="FJ0312"/>
    <auth:candidate name="Folmer, Jacob"  id="FJ0313"/>
    <auth:candidate name="Findley, John"  id="FJ0314"/>
    <auth:candidate name="Fassett, James"  id="FJ0315"/>
    <auth:candidate name="Fearon, James"  id="FJ0316"/>
    <auth:candidate name="Fairlamb, John"  id="FJ0317"/>
    <auth:candidate name="Fulton, James"  id="FJ0318"/>
    <auth:candidate name="Fletcher, James"  id="FJ0319"/>
    <auth:candidate name="Fox, John"  id="FJ0320"/>
    <auth:candidate name="Fulton, James"  id="FJ0321"/>
    <auth:candidate name="Funk, Joel"  id="FJ0322"/>
    <auth:candidate name="Fearis, John"  id="FJ0323"/>
    <auth:candidate name="Fessmire, John"  id="FJ0324"/>
    <auth:candidate name="Findley, John"  id="FJ0325"/>
    <auth:candidate name="Forster, James"  id="FJ0326"/>
    <auth:candidate name="Fowler, John"  id="FJ0327"/>
    <auth:candidate name="Fisher, John"  id="FJ0328"/>
    <auth:candidate name="Fickes, John"  id="FJ0329"/>
    <auth:candidate name="Ferree, Jacob"  id="FJ0330"/>
    <auth:candidate name="Forey, Jacob"  id="FJ0331"/>
    <auth:candidate name="Fleming, John"  id="FJ0332"/>
    <auth:candidate name="Franklin, John"  id="FJ0333"/>
    <auth:candidate name="Fogel, John"  id="FJ0334"/>
    <auth:candidate name="Fornocht, John"  id="FJ0335"/>
    <auth:candidate name="Fore, Jacob"  id="FJ0336"/>
    <auth:candidate name="Forster, John"  id="FJ0337"/>
    <auth:candidate name="Foulkrod, John"  id="FJ0338"/>
    <auth:candidate name="Fox, John"  id="FJ0339"/>
    <auth:candidate name="Franklin, John"  id="FJ0340"/>
    <auth:candidate name="Fox, Joseph"  id="FJ0341"/>
    <auth:candidate name="Frazer, John"  id="FJ0342"/>
    <auth:candidate name="Foster, James"  id="FJ0343"/>
    <auth:candidate name="Fitlow, John"  id="FJ0344"/>
    <auth:candidate name="Fuller, John"  id="FJ0345"/>
    <auth:candidate name="Fries, John"  id="FJ0346"/>
    <auth:candidate name="Foellke, Joseph"  id="FJ0347"/>
    <auth:candidate name="Flanegan, James"  id="FJ0348"/>
    <auth:candidate name="Fletcher, Jacob"  id="FJ0349"/>
    <auth:candidate name="Franklin, John"  id="FJ0350"/>
    <auth:candidate name="Fisher, John"  id="FJ0351"/>
    <auth:candidate name="Flanagan, John"  id="FJ0352"/>
    <auth:candidate name="Forster, John"  id="FJ0353"/>
    <auth:candidate name="Fletcher, John"  id="FJ0354"/>
    <auth:candidate name="Fisher, James C."  id="FJ0355"/>
    <auth:candidate name="Foster, Jabez"  id="FJ0356"/>
    <auth:candidate name="Fry, Jacob"  id="FJ0357"/>
    <auth:candidate name="Fritz, Jacob"  id="FJ0358"/>
    <auth:candidate name="Flanagan, J."  id="FJ0359"/>
    <auth:candidate name="Fitch, Jabez G."  id="FJ0360"/>
    <auth:candidate name="Fitler, Jacob"  id="FJ0361"/>
    <auth:candidate name="Frantz, John"  id="FJ0362"/>
    <auth:candidate name="Farnsworth, Joseph D."  id="FJ0363"/>
    <auth:candidate name="Farmont, Joseph"  id="FJ0364"/>
    <auth:candidate name="Foster, James"  id="FJ0365"/>
    <auth:candidate name="French, Jeva"  id="FJ0366"/>
    <auth:candidate name="Foster, Jacob"  id="FJ0367"/>
    <auth:candidate name="Fletcher, John"  id="FJ0368"/>
    <auth:candidate name="Forman, John S."  id="FJ0369"/>
    <auth:candidate name="Finley, Joseph"  id="FJ0370"/>
    <auth:candidate name="Far, John"  id="FJ0371"/>
    <auth:candidate name="Fox, John"  id="FJ0372"/>
    <auth:candidate name="Ford, John"  id="FJ0373"/>
    <auth:candidate name="Fisk, Jona"  id="FJ0374"/>
    <auth:candidate name="Finch, Jeremiah"  id="FJ0375"/>
    <auth:candidate name="Foster, Jeremiah J."  id="FJ0376"/>
    <auth:candidate name="Fletcher, John"  id="FJ0377"/>
    <auth:candidate name="Follmer, John"  id="FJ0378"/>
    <auth:candidate name="Frey, Joseph, Jr."  id="FJ0379"/>
    <auth:candidate name="Fisher, John"  id="FJ0380"/>
    <auth:candidate name="Frisby, John"  id="FJ0381"/>
    <auth:candidate name="Forman, John"  id="FJ0382"/>
    <auth:candidate name="Faust, Jacob John"  id="FJ0383"/>
    <auth:candidate name="Fash, John"  id="FJ0384"/>
    <auth:candidate name="Fell, Jonathan"  id="FJ0385"/>
    <auth:candidate name="Fraser, John"  id="FJ0386"/>
    <auth:candidate name="Fry, John, Sr."  id="FJ0387"/>
    <auth:candidate name="Flether, John"  id="FJ0388"/>
    <auth:candidate name="Finly, John"  id="FJ0389"/>
    <auth:candidate name="Forbes, John"  id="FJ0390"/>
    <auth:candidate name="Feehrer, Joseph"  id="FJ0391"/>
    <auth:candidate name="Fallowfield, James C."  id="FJ0392"/>
    <auth:candidate name="Ford, James"  id="FJ0393"/>
    <auth:candidate name="Findlay, John"  id="FJ0394"/>
    <auth:candidate name="Firth, John F."  id="FJ0395"/>
<auth:candidate name="Finlet, John"  id="FJ0402"/>
<auth:candidate name="Fager, John"  id="FJ0403"/>
<auth:candidate name="Fisler, Jacob H."  id="FJ0404"/>
<auth:candidate name="Fackenthall, John"  id="FJ0406"/>
<auth:candidate name="Fenner, James"  id="FJ0410"/>
<auth:candidate name="Frierston, John"  id="FJ0419"/>
<auth:candidate name="Furston, John"  id="FJ0420"/>
<auth:candidate name="Ford, John"  id="FJ0421"/>
<auth:candidate name="Frisbee, John H."  id="FJ0422"/>
<auth:candidate name="Faber, John C."  id="FJ0423"/>
<auth:candidate name="Fripp, James"  id="FJ0424"/>
<auth:candidate name="Frierson, John"  id="FJ0425"/>
<auth:candidate name="Fickling, Joseph"  id="FJ0426"/>
<auth:candidate name="Fabian, John"  id="FJ0430"/>
<auth:candidate name="Fletcher, John"  id="FJ0435"/>
<auth:candidate name="Felder, John M."  id="FJ0438"/>
<auth:candidate name="Felder, John Henry"  id="FJ0442"/>
<auth:candidate name="Frampton, John, Jr."  id="FJ0443"/>
<auth:candidate name="Ford, James Moore"  id="FJ0444"/>
<auth:candidate name="Ferguson, James"  id="FJ0446"/>
<auth:candidate name="Frazier, Julian"  id="FJ0447"/>
<auth:candidate name="Findlay, Jonathan S."  id="FJ0448"/>
<auth:candidate name="Fentres, James"  id="FJ0450"/>
<auth:candidate name="Fisk, James"  id="FJ0454"/>
<auth:candidate name="Fletcher, James"  id="FJ0463"/>
<auth:candidate name="Ferguson, John"  id="FJ0464"/>
<auth:candidate name="Ford, John"  id="FJ0465"/>
<auth:candidate name="Fisher, Jacob"  id="FJ0470"/>
<auth:candidate name="Finnie, John"  id="FJ0471"/>
<auth:candidate name="Foster, J."  id="FJ0473"/>
<auth:candidate name="Fields, J."  id="FJ0474"/>
<auth:candidate name="Forbes, John"  id="FJ0475"/>
<auth:candidate name="Foushee, John H."  id="FJ0476"/>
<auth:candidate name="Ferguson, James B."  id="FJ0477"/>
<auth:candidate name="Fairfax, John"  id="FJ0478"/>
<auth:candidate name="Ford, Joseph"  id="FJ0479"/>
<auth:candidate name="Fulton, John H."  id="FJ0480"/>
<auth:candidate name="Fraser, Jackson"  id="FJ0481"/>
<auth:candidate name="Floyd, John"  id="FJ0482"/>
<auth:candidate name="Flood, Joel W."  id="FJ0484"/>
<auth:candidate name="Flournoy, John James"  id="FJ0486"/>
<auth:candidate name="Fitchett, John"  id="FJ0487"/>
<auth:candidate name="Fletcher, John N."  id="FJ0488"/>
<auth:candidate name="Fox, John"  id="FJ0489"/>
<auth:candidate name="Fisher, James"  id="FJ0494"/>
<auth:candidate name="Fullen, James"  id="FJ0497"/>
<auth:candidate name="Fairfax, John"  id="FJ0498"/>
<auth:candidate name="French, James"  id="FJ0499"/>
<auth:candidate name="Fry, Joseph L."  id="FJ0500"/>
<auth:candidate name="Forsyth, John"  id="FJ0501"/>
<auth:candidate name="Foster, James"  id="FJ0502"/>
<auth:candidate name="Fisher, John"  id="FJ0503"/>
<auth:candidate name="Ford, Jesse"  id="FJ0504"/>
<auth:candidate name="Furbee, Jacob"  id="FJ0505"/>
<auth:candidate name="Fisher, James"  id="FJ0507"/>
<auth:candidate name="Foxcroft, Joseph E."  id="FJ0509"/>
<auth:candidate name="Fishback, James"  id="FJ0510"/>
<auth:candidate name="Ford, James"  id="FJ0511"/>
<auth:candidate name="Farrar, Jonathan"  id="FJ0512"/>
    <auth:candidate name="Farrow, Kenaz"  id="FK0000"/>
    <auth:candidate name="Farrell, Kennedy"  id="FK0001"/>
    
    <auth:candidate name="Fletcher, Laas"  id="FL0000"/>
    <auth:candidate name="Fuerth, L.H."  id="FL0001"/>
    <auth:candidate name="Frailey, Leonard"  id="FL0002"/>
    <auth:candidate name="Fortin, Louis"  id="FL0003"/>
    <auth:candidate name="Fuselier, Laclair"  id="FL0004"/>
    <auth:candidate name="Farrington, Leven"  id="FL0005"/>
    <auth:candidate name="Foster, Larry"  id="FL0006"/>
    <auth:candidate name="Foster, Lorenzo F."  id="FL0007"/>
    <auth:candidate name="Fisher, Lorenzo F."  id="FL0008"/>
    <auth:candidate name="Foster, Lemuel"  id="FL0009"/>
    <auth:candidate name="Fowler, Lemuel"  id="FL0010"/>
    <auth:candidate name="Forman, Louis"  id="FL0011"/>
    <auth:candidate name="Fox, Leavitt"  id="FL0012"/>
    <auth:candidate name="Fonda, Lawrence"  id="FL0013"/>
    <auth:candidate name="Fox, Lark"  id="FL0014"/>
    <auth:candidate name="Fitch, Lemuel"  id="FL0015"/>
    <auth:candidate name="Fonvielle, Lewis"  id="FL0016"/>
    <auth:candidate name="Fletcher, Levi G."  id="FL0017"/>
    <auth:candidate name="Foster, Luke"  id="FL0018"/>
    <auth:candidate name="Farewell, Lyman"  id="FL0019"/>
    <auth:candidate name="Farmer, Lewis"  id="FL0020"/>
    <auth:candidate name="Forde, Lawrence"  id="FL0021"/>
    <auth:candidate name="Fite, Leonard"  id="FL0022"/>
    <auth:candidate name="Fisher, Leavis"  id="FL0023"/>
    <auth:candidate name="French, Levi, Jr."  id="FL0024"/>
    <auth:candidate name="Fisher, Lewis"  id="FL0025"/>
    <auth:candidate name="Fisher, Leonard"  id="FL0026"/>
    <auth:candidate name="Ford, Lewis"  id="FL0027"/>
    <auth:candidate name="Fidler, Lancelot"  id="FL0028"/>
    <auth:candidate name="Foster, Lemuel"  id="FL0029"/>
    <auth:candidate name="Fowler, Levi"  id="FL0030"/>
    <auth:candidate name="Fontner, Lewis"  id="FL0031"/>
    <auth:candidate name="Farmer, Lewis"  id="FL0032"/>
    <auth:candidate name="Ferry, Luman"  id="FL0033"/>
    <auth:candidate name="Finney, Levi"  id="FL0034"/>
    <auth:candidate name="Field, Luther"  id="FL0035"/>
    <auth:candidate name="Foster, Levi"  id="FL0036"/>
    
    <auth:candidate name="Fort, Moses"  id="FM0000"/>
    <auth:candidate name="Fogleman, Melcher"  id="FM0001"/>
    <auth:candidate name="Flournoy, Matthew"  id="FM0002"/>
    <auth:candidate name="Furman, Moore"  id="FM0003"/>
    <auth:candidate name="Fletcher, M."  id="FM0004"/>
    <auth:candidate name="Field, Martin"  id="FM0005"/>
    <auth:candidate name="Fouts, Michael"  id="FM0006"/>
    <auth:candidate name="Fame, Michael"  id="FM0007"/>
    <auth:candidate name="Fountain, Marcy"  id="FM0008"/>
    <auth:candidate name="Fitz, Mark"  id="FM0009"/>
    <auth:candidate name="Fuller, Moses"  id="FM0010"/>
    <auth:candidate name="Ferguson, Moses"  id="FM0011"/>
    <auth:candidate name="Fisher, Michael C."  id="FM0012"/>
    <auth:candidate name="Francis, M."  id="FM0013"/>
    <auth:candidate name="Ford, Marborough"  id="FM0014"/>
    <auth:candidate name="Fisher, Maxy"  id="FM0015"/>
    <auth:candidate name="Frazer, Minot"  id="FM0016"/>
    <auth:candidate name="Fosdyck, Morris"  id="FM0017"/>
    <auth:candidate name="Freeman, Moody"  id="FM0018"/>
    <auth:candidate name="Freleigh, Micheal"  id="FM0019"/>
    <auth:candidate name="Forman, Miles"  id="FM0020"/>
    <auth:candidate name="Franklin, Meshack"  id="FM0021"/>
    <auth:candidate name="Folger, Matthew"  id="FM0022"/>
    <auth:candidate name="Flint, Morse B."  id="FM0023"/>
    <auth:candidate name="Freligh, Moses"  id="FM0024"/>
    <auth:candidate name="Funk, Moses"  id="FM0025"/>
    <auth:candidate name="Francis, M. D."  id="FM0026"/>
    <auth:candidate name="Fuller, Martin"  id="FM0027"/>
    <auth:candidate name="Folk, Martin"  id="FM0028"/>
    <auth:candidate name="Furman, M."  id="FM0029"/>
    <auth:candidate name="Ford, Mahlon"  id="FM0030"/>
<auth:candidate name="Fisher, Michael"  id="FM0037"/>
<auth:candidate name="Fisher, Miers"  id="FM0038"/>
<auth:candidate name="Fox, Michael"  id="FM0039"/>
<auth:candidate name="Fisher, M."  id="FM0041"/>
<auth:candidate name="Fackenthall, Michael"  id="FM0042"/>
<auth:candidate name="Funk, Martin"  id="FM0051"/>
<auth:candidate name="Ford, Malachi"  id="FM0054"/>
<auth:candidate name="Fisk, Moses"  id="FM0055"/>
<auth:candidate name="Francis, Miller"  id="FM0056"/>
<auth:candidate name="Fredway, M."  id="FM0057"/>
<auth:candidate name="Friel, Montgomery"  id="FM0058"/>
<auth:candidate name="Fleming, Matthew"  id="FM0059"/>
    <auth:candidate name="Fosdick, Nicholl"  id="FN0000"/>
    <auth:candidate name="Fisk, Nathan"  id="FN0001"/>
    <auth:candidate name="Fish, Nicholas"  id="FN0002"/>
    <auth:candidate name="Falkner, Nathaniel"  id="FN0003"/>
    <auth:candidate name="Flournoy, Notley M."  id="FN0004"/>
    <auth:candidate name="Fisk, Nathan"  id="FN0005"/>
    <auth:candidate name="Frazer, Nathan"  id="FN0006"/>
    <auth:candidate name="Frothingham, N."  id="FN0007"/>
    <auth:candidate name="Fry, Nathaniel"  id="FN0008"/>
    <auth:candidate name="Fisher, Nathan"  id="FN0009"/>
    <auth:candidate name="Franklin, Nathan"  id="FN0010"/>
    <auth:candidate name="Findlay, Nathan C."  id="FN0011"/>
    <auth:candidate name="Folsom, Nathaniel"  id="FN0012"/>
    <auth:candidate name="Fowell, Nathan"  id="FN0013"/>
    <auth:candidate name="Folwell, Nathan"  id="FN0014"/>
    <auth:candidate name="Floyd, Nicoel"  id="FN0015"/>
    <auth:candidate name="Fish, Nicholas"  id="FN0016"/>
    <auth:candidate name="Freeman, Nathaniel"  id="FN0017"/>
    <auth:candidate name="Felton, Nathan"  id="FN0018"/>
    <auth:candidate name="Fisher, Nathan"  id="FN0019"/>
    <auth:candidate name="Foster, Nathan"  id="FN0020"/>
    <auth:candidate name="Fenton, Nathaniel"  id="FN0021"/>
    <auth:candidate name="Fox, Norman"  id="FN0022"/>
    <auth:candidate name="Fosdick, Nicoll"  id="FN0023"/>
    <auth:candidate name="Findley, Nathan C."  id="FN0024"/>
    <auth:candidate name="Fairlamb, Nicholas"  id="FN0025"/>
    <auth:candidate name="Frost, Nathaniel, Jr."  id="FN0026"/>
    <auth:candidate name="Fuller, Nathaniel"  id="FN0027"/>
    <auth:candidate name="Fellows, Nathaniel"  id="FN0028"/>
    <auth:candidate name="Folwell, Nathan"  id="FN0029"/>
    <auth:candidate name="Fox, Nathaniel"  id="FN0030"/>
    <auth:candidate name="Fitzhugh, Nicholas"  id="FN0031"/>
    <auth:candidate name="Fellows, Nathaniel"  id="FN0032"/>
    <auth:candidate name="Flanders, Nehemiah"  id="FN0033"/>
    <auth:candidate name="Faulcon, Nicholas"  id="FN0034"/>
    <auth:candidate name="Ford, Noah"  id="FN0035"/>
    <auth:candidate name="Forman, Nehemiah"  id="FN0036"/>
    <auth:candidate name="Ford, Nathan"  id="FN0037"/>
    <auth:candidate name="Fort, Nathan"  id="FN0038"/>
    <auth:candidate name="Fletcher, Nathan N."  id="FN0039"/>
    <auth:candidate name="Fish, Nathan"  id="FN0040"/>
    <auth:candidate name="Fulton, Nathaniel"  id="FN0041"/>
    <auth:candidate name="Frost, Niles"  id="FN0042"/>
    <auth:candidate name="Fisher, Nathan"  id="FN0043"/>
    <auth:candidate name="Foster, Nathaniel"  id="FN0044"/>
    
    <auth:candidate name="Fiske, Oliver"  id="FO0000"/>
    <auth:candidate name="Field, Oliver"  id="FO0001"/>
    <auth:candidate name="Forward, Oliver"  id="FO0002"/>
    <auth:candidate name="Folger, Obed W."  id="FO0003"/>
    <auth:candidate name="Forrester, Old"  id="FO0004"/>
    <auth:candidate name="Farrington, Oliver"  id="FO0005"/>
    <auth:candidate name="Forward, Oliver"  id="FO0006"/>
    <auth:candidate name="Follett, Oran"  id="FO0007"/>
    <auth:candidate name="Fitts, O."  id="FO0008"/>
<auth:candidate name="Ford, Oliver"  id="FO0009"/>
<auth:candidate name="Fitts, Oliver"  id="FO0010"/>
<auth:candidate name="Fishback, Owen T."  id="FO0012"/>
<auth:candidate name="Fahnestock, Obed"  id="FO0014"/>
    
    <auth:candidate name="Foote, Phillip A."  id="FP0000"/>
    <auth:candidate name="Freeman, Peter"  id="FP0001"/>
    <auth:candidate name="Fiddleman, Philip D."  id="FP0002"/>
    <auth:candidate name="Foucher, P. E."  id="FP0003"/>
    <auth:candidate name="Forney, Peter"  id="FP0004"/>
    <auth:candidate name="Frisbee, Philip"  id="FP0005"/>
    <auth:candidate name="Ford, Philip"  id="FP0006"/>
    <auth:candidate name="Freeland, Peregrine"  id="FP0007"/>
    <auth:candidate name="Frick, Peter"  id="FP0008"/>
    <auth:candidate name="Farrington, Philip"  id="FP0009"/>
    <auth:candidate name="Fitch, Pelatiah"  id="FP0010"/>
    <auth:candidate name="Frailey, Peter"  id="FP0011"/>
    <auth:candidate name="Fisher, Peter"  id="FP0012"/>
    <auth:candidate name="Fries, Philip"  id="FP0013"/>
    <auth:candidate name="Fleming, Peter"  id="FP0014"/>
    <auth:candidate name="Freeman, Phineas"  id="FP0015"/>
    <auth:candidate name="Forney, Peter"  id="FP0016"/>
    <auth:candidate name="Fitzpatrick, Polly"  id="FP0017"/>
    <auth:candidate name="Fether, Peter"  id="FP0018"/>
    <auth:candidate name="Feder, Peter, Jr."  id="FP0019"/>
    <auth:candidate name="Fearing, Paul"  id="FP0020"/>
    <auth:candidate name="Frailey, Peter"  id="FP0021"/>
    <auth:candidate name="Fisher, Perez"  id="FP0022"/>
    <auth:candidate name="Freeman, Phillip"  id="FP0023"/>
    <auth:candidate name="Free, Phineas"  id="FP0024"/>
    <auth:candidate name="Fisher, Philip"  id="FP0025"/>
    <auth:candidate name="Franchot, Paschal"  id="FP0026"/>
    <auth:candidate name="Field, Peter"  id="FP0027"/>
    <auth:candidate name="Farrelly, Patrick"  id="FP0028"/>
    <auth:candidate name="Fox, Peter C."  id="FP0029"/>
    <auth:candidate name="Failing, Philip"  id="FP0030"/>
    <auth:candidate name="Fordham, Peltish"  id="FP0031"/>
    <auth:candidate name="Freer, Peter S."  id="FP0032"/>
    <auth:candidate name="Fish, Peter"  id="FP0033"/>
    <auth:candidate name="Flagg, Peter"  id="FP0034"/>
    <auth:candidate name="Fesgely, Philip"  id="FP0035"/>
    <auth:candidate name="Frederick, Peter"  id="FP0036"/>
    <auth:candidate name="Fulkerson, Philip"  id="FP0037"/>
    <auth:candidate name="Farrington, Putnam"  id="FP0038"/>
    <auth:candidate name="Fahrenstock, Peter"  id="FP0039"/>
    <auth:candidate name="Fetterhoff, Philip"  id="FP0040"/>
    <auth:candidate name="Fegley, Philip"  id="FP0041"/>
    <auth:candidate name="Fenstermaker, Philip"  id="FP0042"/>
    <auth:candidate name="Fischer, Philip"  id="FP0043"/>
    <auth:candidate name="Fusselman, Philip"  id="FP0044"/>
    <auth:candidate name="Fisher, Philip"  id="FP0045"/>
    <auth:candidate name="Fisk, P."  id="FP0046"/>
    <auth:candidate name="Fries, Phillip"  id="FP0047"/>
    <auth:candidate name="Fisher, Philip"  id="FP0048"/>
    <auth:candidate name="Freeman, P. B."  id="FP0049"/>
    <auth:candidate name="Fritz, Peter"  id="FP0050"/>
    <auth:candidate name="Freneau, Peter"  id="FP0051"/>
    <auth:candidate name="Fish, Preserved"  id="FP0052"/>
    <auth:candidate name="Fore, Peter"  id="FP0053"/>
    <auth:candidate name="Fletcher, Patterson"  id="FP0054"/>
    <auth:candidate name="Forman, Peter"  id="FP0055"/>
    
    <auth:candidate name="Fairchild, Robert"  id="FR0000"/>
    <auth:candidate name="Fawcett, Robert"  id="FR0001"/>
    <auth:candidate name="Farrier, Robert"  id="FR0002"/>
    <auth:candidate name="Fosdick, Richard"  id="FR0003"/>
    <auth:candidate name="Finley, Robert M."  id="FR0004"/>
    <auth:candidate name="Forbes, Robert"  id="FR0005"/>
    <auth:candidate name="Forwood, Robert"  id="FR0006"/>
    <auth:candidate name="Furwood, Robert"  id="FR0007"/>
    <auth:candidate name="Funkhauser, Robert R."  id="FR0008"/>
    <auth:candidate name="Frazier, Robert"  id="FR0009"/>
    <auth:candidate name="Ford, Robert C."  id="FR0010"/>
    <auth:candidate name="French, Richard"  id="FR0011"/>
    <auth:candidate name="Foster, Robert"  id="FR0012"/>
    <auth:candidate name="Forrest, Richard"  id="FR0013"/>
    <auth:candidate name="Frisby, Richard"  id="FR0014"/>
    <auth:candidate name="Fellows, Roswel"  id="FR0015"/>
    <auth:candidate name="Forbes, Robert"  id="FR0016"/>
    <auth:candidate name="Fitch, Richard"  id="FR0017"/>
    <auth:candidate name="Frost, Reuben"  id="FR0018"/>
    <auth:candidate name="Ford, Robert"  id="FR0019"/>
    <auth:candidate name="French, Richard"  id="FR0020"/>
    <auth:candidate name="Flagg, Richard"  id="FR0021"/>
    <auth:candidate name="Fairpensie, Robert"  id="FR0022"/>
    <auth:candidate name="Farley, Robert"  id="FR0023"/>
    <auth:candidate name="Francis, Robert"  id="FR0024"/>
    <auth:candidate name="Fleming, Robert W."  id="FR0025"/>
    <auth:candidate name="Fristoe, Robert"  id="FR0026"/>
    <auth:candidate name="Freeman, Rufus"  id="FR0027"/>
    <auth:candidate name="Freeman, Russell"  id="FR0028"/>
    <auth:candidate name="Fraphayon, Ralph"  id="FR0029"/>
    <auth:candidate name="Ferris, Reuben"  id="FR0030"/>
    <auth:candidate name="Furman, Richard"  id="FR0031"/>
    <auth:candidate name="Folger, Reuben"  id="FR0032"/>
    <auth:candidate name="Fish, Richard"  id="FR0033"/>
    <auth:candidate name="Folger, Robert"  id="FR0034"/>
    <auth:candidate name="Ferriss, Reed"  id="FR0035"/>
    <auth:candidate name="Fleming, Robert"  id="FR0036"/>
    <auth:candidate name="Freear, Richard W."  id="FR0037"/>
    <auth:candidate name="Freeman, Richard W."  id="FR0038"/>
    <auth:candidate name="Furman, Richard"  id="FR0039"/>
    <auth:candidate name="Frisbee, Roswell B."  id="FR0040"/>
    <auth:candidate name="Faries, Robert"  id="FR0041"/>
    <auth:candidate name="Frazier, Robert"  id="FR0042"/>
    <auth:candidate name="Fairlamb, Robert"  id="FR0043"/>
    <auth:candidate name="Frazer, Robert"  id="FR0044"/>
    <auth:candidate name="Folwell, Richard"  id="FR0045"/>
    <auth:candidate name="Fordsman, Robert"  id="FR0046"/>
    <auth:candidate name="Fleming, Robert"  id="FR0047"/>
    <auth:candidate name="Forsyth, Robert"  id="FR0048"/>
    <auth:candidate name="Flower, Richard"  id="FR0049"/>
    <auth:candidate name="Forter, Robert"  id="FR0050"/>
    <auth:candidate name="Fletcher, Richard P."  id="FR0051"/>
<auth:candidate name="Fowler, Russell"  id="FR0052"/>
<auth:candidate name="Farr, R. G. H."  id="FR0053"/>
<auth:candidate name="Foster, Robert C."  id="FR0054"/>
<auth:candidate name="Field, Richard"  id="FR0060"/>
<auth:candidate name="Fulgham, Robert"  id="FR0061"/>
<auth:candidate name="Flanagan, Robert P."  id="FR0062"/>
<auth:candidate name="Foster, Redmond"  id="FR0063"/>
    <auth:candidate name="Foot, Seth A."  id="FS0000"/>
    <auth:candidate name="Foot, Samuel A."  id="FS0001"/>
    <auth:candidate name="Freleigh, Solomon"  id="FS0002"/>
    <auth:candidate name="Fey, Sam"  id="FS0003"/>
    <auth:candidate name="Fraser, Simon"  id="FS0004"/>
    <auth:candidate name="Flemming, Samuel"  id="FS0005"/>
    <auth:candidate name="Flaningan, Samuel"  id="FS0006"/>
    <auth:candidate name="Frazier, Solomon"  id="FS0007"/>
    <auth:candidate name="Fithian, Seeley"  id="FS0008"/>
    <auth:candidate name="Fuller, Seth"  id="FS0009"/>
    <auth:candidate name="Fuller, Simeon"  id="FS0010"/>
    <auth:candidate name="Finley, Samuel"  id="FS0011"/>
    <auth:candidate name="Fetters, Samuel"  id="FS0012"/>
    <auth:candidate name="Fish, Samuel"  id="FS0013"/>
    <auth:candidate name="Fobes, Simon"  id="FS0014"/>
    <auth:candidate name="Fobes, Simon, Jr."  id="FS0015"/>
    <auth:candidate name="Fitch, Solomon"  id="FS0016"/>
    <auth:candidate name="Fulton, Samuel"  id="FS0017"/>
    <auth:candidate name="Freeman, Samuel"  id="FS0018"/>
    <auth:candidate name="Fowler, Simeon"  id="FS0019"/>
    <auth:candidate name="Flagg, Samuel"  id="FS0020"/>
    <auth:candidate name="Frye, Simon"  id="FS0021"/>
    <auth:candidate name="Freeman, Solomon"  id="FS0022"/>
    <auth:candidate name="French, Samuel"  id="FS0023"/>
    <auth:candidate name="Forrd, Samuel"  id="FS0024"/>
    <auth:candidate name="Foley, Samuel"  id="FS0025"/>
    <auth:candidate name="Field, Samuel"  id="FS0026"/>
    <auth:candidate name="Fitcomb, Stephen"  id="FS0027"/>
    <auth:candidate name="Foster, Stephen"  id="FS0028"/>
    <auth:candidate name="Fuller, Sylvanus"  id="FS0029"/>
    <auth:candidate name="Foord, Sanburn"  id="FS0030"/>
    <auth:candidate name="Freer, Samuel S."  id="FS0031"/>
    <auth:candidate name="Ford, Sylvester"  id="FS0032"/>
    <auth:candidate name="Frost, Samuel"  id="FS0033"/>
    <auth:candidate name="Faulkner, Samuel"  id="FS0034"/>
    <auth:candidate name="French, Samuel"  id="FS0035"/>
    <auth:candidate name="Ford, Samuel"  id="FS0036"/>
    <auth:candidate name="Ferman, Samuel"  id="FS0037"/>
    <auth:candidate name="Freeman, Samuel"  id="FS0038"/>
    <auth:candidate name="Finch, Samuel"  id="FS0039"/>
    <auth:candidate name="Ford, Samuel"  id="FS0040"/>
    <auth:candidate name="Fowler, Samuel"  id="FS0041"/>
    <auth:candidate name="Freer, Samuel"  id="FS0042"/>
    <auth:candidate name="Floyd, Samuel"  id="FS0043"/>
    <auth:candidate name="Fereau, Samuel S."  id="FS0044"/>
    <auth:candidate name="Ford, Samuel S."  id="FS0045"/>
    <auth:candidate name="Fotes, Samuel S."  id="FS0046"/>
    <auth:candidate name="Foote, Samuel"  id="FS0047"/>
    <auth:candidate name="Fales, Samuel"  id="FS0048"/>
    <auth:candidate name="Flagg, Samuel"  id="FS0049"/>
    <auth:candidate name="Ferris, Sands"  id="FS0050"/>
    <auth:candidate name="Fitch, Seth"  id="FS0051"/>
    <auth:candidate name="Fairchild, Sherman"  id="FS0052"/>
    <auth:candidate name="Forbes, Simeon"  id="FS0053"/>
    <auth:candidate name="Fleet, Simon"  id="FS0054"/>
    <auth:candidate name="Filkins, Smith"  id="FS0055"/>
    <auth:candidate name="Fen, Stephen"  id="FS0056"/>
    <auth:candidate name="Field, Seth"  id="FS0057"/>
    <auth:candidate name="Fowler, Stephen"  id="FS0058"/>
    <auth:candidate name="Feather, Samuel"  id="FS0059"/>
    <auth:candidate name="Forrest, Samuel"  id="FS0060"/>
    <auth:candidate name="Filbert, Samuel"  id="FS0061"/>
    <auth:candidate name="Flemming, Samuel"  id="FS0062"/>
    <auth:candidate name="Farfield, Seth"  id="FS0063"/>
    <auth:candidate name="Fay, Samuel P.P."  id="FS0064"/>
    <auth:candidate name="Fessenden, Samuel"  id="FS0065"/>
    <auth:candidate name="Felton, Skelton"  id="FS0066"/>
    <auth:candidate name="Forman, Stephen W."  id="FS0067"/>
    <auth:candidate name="French, Samuel"  id="FS0068"/>
    <auth:candidate name="Forman, Samuel P."  id="FS0069"/>
    <auth:candidate name="Frowler, Samuel"  id="FS0070"/>
    <auth:candidate name="Fulton, Sewall"  id="FS0071"/>
    <auth:candidate name="Freeman, Stephen"  id="FS0072"/>
    <auth:candidate name="Fullum, Sewell"  id="FS0073"/>
    <auth:candidate name="French, Stephen"  id="FS0074"/>
    <auth:candidate name="Foster, Samuel"  id="FS0075"/>
    <auth:candidate name="Forman, Samuel"  id="FS0076"/>
    <auth:candidate name="Farnham, Samuel"  id="FS0077"/>
    <auth:candidate name="Ford, Simeon"  id="FS0078"/>
    <auth:candidate name="Fox, Samuel"  id="FS0079"/>
    <auth:candidate name="Fish, Samuel"  id="FS0080"/>
    <auth:candidate name="Fowler, Samuel"  id="FS0081"/>
    <auth:candidate name="Fairchild, Stephen H."  id="FS0082"/>
    <auth:candidate name="Falkinburge, Somers"  id="FS0083"/>
    <auth:candidate name="Freleigh, Solomon"  id="FS0084"/>
<auth:candidate name="Fox, Stephen"  id="FS0085"/>
<auth:candidate name="Ford, Stephen"  id="FS0087"/>
<auth:candidate name="Frazey, Samuel"  id="FS0088"/>
<auth:candidate name="Fraizure, Stoney"  id="FS0089"/>
<auth:candidate name="Fenley, Samuel, Sr."  id="FS0091"/>
<auth:candidate name="Findley, Samuel"  id="FS0092"/>
<auth:candidate name="Fisher, Samuel W."  id="FS0093"/>
<auth:candidate name="Frazier, Samuel"  id="FS0094"/>
<auth:candidate name="Freeman, S."  id="FS0095"/>
<auth:candidate name="Findley, Samuel"  id="FS0096"/>
<auth:candidate name="Fox, Samuel M."  id="FS0097"/>
<auth:candidate name="Fahnestock, Samuel"  id="FS0099"/>
<auth:candidate name="Fox, Samuel"  id="FS0100"/>
<auth:candidate name="Fenton, Samuel"  id="FS0101"/>
<auth:candidate name="Ford, Standish"  id="FS0106"/>
<auth:candidate name="Fisher, Samuel R."  id="FS0107"/>
<auth:candidate name="Findlay, S."  id="FS0108"/>
<auth:candidate name="Fisher, Samuel"  id="FS0109"/>
<auth:candidate name="Feather, Samuel"  id="FS0112"/>
<auth:candidate name="Fotterall, Stephen E."  id="FS0113"/>
<auth:candidate name="Franks, Samuel D."  id="FS0114"/>
<auth:candidate name="Foster, Samuel B."  id="FS0116"/>
<auth:candidate name="Flack, Samual"  id="FS0117"/>
<auth:candidate name="Foxworth, Samuel"  id="FS0119"/>
<auth:candidate name="Felder, Samuel"  id="FS0120"/>
<auth:candidate name="Farrow, Samuel"  id="FS0123"/>
<auth:candidate name="Foxworth, Stephen"  id="FS0125"/>
<auth:candidate name="Fickling, Samuel"  id="FS0127"/>
<auth:candidate name="Fletcher, Samuel"  id="FS0133"/>
<auth:candidate name="Finly, Samuel"  id="FS0134"/>
<auth:candidate name="Ford, Samuel"  id="FS0135"/>
<auth:candidate name="Ford, Solomon"  id="FS0136"/>
<auth:candidate name="Fowler, Simeon"  id="FS0140"/>
    <auth:candidate name="Farrar, Thomas"  id="FT0000"/>
    <auth:candidate name="Fitzgerald, Thomas"  id="FT0001"/>
    <auth:candidate name="Flourney, Thomas"  id="FT0002"/>
    <auth:candidate name="Fair, Thomas D."  id="FT0003"/>
    <auth:candidate name="Fletcher, Thomas"  id="FT0004"/>
    <auth:candidate name="Flint, Thomas"  id="FT0005"/>
    <auth:candidate name="Frothingham, Thomas"  id="FT0006"/>
    <auth:candidate name="Forster, Thomas"  id="FT0007"/>
    <auth:candidate name="Fort, Tomlinson"  id="FT0008"/>
    <auth:candidate name="Fillebrown, Thomas"  id="FT0009"/>
    <auth:candidate name="Francis, Thomas"  id="FT0010"/>
    <auth:candidate name="Ferebe, Thomas C."  id="FT0011"/>
    <auth:candidate name="Forman, Thomas"  id="FT0012"/>
    <auth:candidate name="Fletcher, Thomas"  id="FT0013"/>
    <auth:candidate name="Faulkner, Thomas, Jr."  id="FT0014"/>
    <auth:candidate name="Frederick, Thomas"  id="FT0015"/>
    <auth:candidate name="Foreman, Thomas M."  id="FT0016"/>
    <auth:candidate name="Fowler, Thomas M."  id="FT0017"/>
    <auth:candidate name="Frazier, Thomas"  id="FT0018"/>
    <auth:candidate name="Fists, Thomas"  id="FT0019"/>
    <auth:candidate name="Ford, Thomas"  id="FT0020"/>
    <auth:candidate name="Fish, Thomas, Jr."  id="FT0021"/>
    <auth:candidate name="Farmer, Thomas"  id="FT0022"/>
    <auth:candidate name="Field, Thomas"  id="FT0023"/>
    <auth:candidate name="Fisher, Thomas"  id="FT0024"/>
    <auth:candidate name="Footman, Thomas"  id="FT0025"/>
    <auth:candidate name="Flin, Thomas"  id="FT0026"/>
    <auth:candidate name="Fillebrown, Thomas"  id="FT0027"/>
    <auth:candidate name="Fuller, Timothy"  id="FT0028"/>
    <auth:candidate name="Foy, Thomas, Jr."  id="FT0029"/>
    <auth:candidate name="Farrar, Timothy"  id="FT0030"/>
    <auth:candidate name="Flagg, Timothy"  id="FT0031"/>
    <auth:candidate name="Falter, Timothy"  id="FT0032"/>
    <auth:candidate name="French, Timothy"  id="FT0033"/>
    <auth:candidate name="Fowler, Theodocius"  id="FT0034"/>
    <auth:candidate name="Ferris, Thatcher J."  id="FT0035"/>
    <auth:candidate name="Floyd, Thomas"  id="FT0036"/>
    <auth:candidate name="Frelinghuysen, Theodore"  id="FT0037"/>
    <auth:candidate name="Franklin, Thomas"  id="FT0038"/>
    <auth:candidate name="French, Thomas"  id="FT0039"/>
    <auth:candidate name="Fitch, Thomas"  id="FT0040"/>
    <auth:candidate name="Frothingham, Thomas"  id="FT0041"/>
    <auth:candidate name="Fenimore, Thomas"  id="FT0042"/>
    <auth:candidate name="Fuller, Thomas"  id="FT0043"/>
    <auth:candidate name="Frothington, Thomas"  id="FT0044"/>
    <auth:candidate name="Fairchild, Talmadge"  id="FT0045"/>
    <auth:candidate name="Folsom, Thomas"  id="FT0046"/>
    <auth:candidate name="Falconer, Thomas"  id="FT0047"/>
    <auth:candidate name="Foster, Thomas"  id="FT0048"/>
    <auth:candidate name="Fanning, Thomas"  id="FT0049"/>
    <auth:candidate name="Furgason, Thomas"  id="FT0050"/>
    <auth:candidate name="Furnace, Thomas W."  id="FT0051"/>
    <auth:candidate name="Freeman, Thomas"  id="FT0052"/>
    <auth:candidate name="Frinkalo, Thomas"  id="FT0053"/>
    <auth:candidate name="Fladraw, Thomas H."  id="FT0054"/>
    <auth:candidate name="Faulkner, Thomas"  id="FT0055"/>
    <auth:candidate name="Forrester, Thomas M."  id="FT0056"/>
    <auth:candidate name="Foote, Thomas"  id="FT0057"/>
    <auth:candidate name="Flourney, Thomas C."  id="FT0058"/>
    <auth:candidate name="Fessendon, Thomas G."  id="FT0059"/>
    <auth:candidate name="Flood, Thomas"  id="FT0060"/>
    <auth:candidate name="Fitzsimons, Thomas"  id="FT0061"/>
    <auth:candidate name="Freeman, Thomas"  id="FT0062"/>
    <auth:candidate name="Forrest, Thomas"  id="FT0063"/>
    <auth:candidate name="Fullerton, Thomas S."  id="FT0064"/>
    <auth:candidate name="Foster, Thomas"  id="FT0065"/>
<auth:candidate name="Ferguson, Thomas"  id="FT0066"/>
<auth:candidate name="Foulke, Theophilus"  id="FT0068"/>
<auth:candidate name="Forster, Thomas"  id="FT0070"/>
<auth:candidate name="Fisher, Thomas"  id="FT0071"/>
<auth:candidate name="Forster, Thoams"  id="FT0072"/>
<auth:candidate name="Forster, Thomas"  id="FT0073"/>
<auth:candidate name="Francis, Thomas W."  id="FT0074"/>
<auth:candidate name="Forster, Thomas"  id="FT0075"/>
<auth:candidate name="Femmings, Thomas"  id="FT0077"/>
<auth:candidate name="Fisher, Thomas"  id="FT0079"/>
<auth:candidate name="Fitzgerald, Thomas"  id="FT0081"/>
<auth:candidate name="Ford, Timothy"  id="FT0088"/>
<auth:candidate name="Fitzpatrick, Thomas"  id="FT0091"/>
<auth:candidate name="Fearwell, Thomas"  id="FT0093"/>
<auth:candidate name="Fuller, Thomas"  id="FT0096"/>
<auth:candidate name="Fleming, Thomas"  id="FT0097"/>
<auth:candidate name="Fletcher, Thomas H."  id="FT0099"/>
<auth:candidate name="Fouch, Thomas"  id="FT0100"/>
<auth:candidate name="Field, Theophilus"  id="FT0101"/>
<auth:candidate name="Fryatt, Tillotson"  id="FT0103"/>
<auth:candidate name="Fauntleroy, Thomas T."  id="FT0104"/>
<auth:candidate name="Forsyth, Thomas"  id="FT0105"/>
<auth:candidate name="Freeland, Thomas"  id="FT0106"/>
<auth:candidate name="Fisher, Thomas"  id="FT0107"/>
<auth:candidate name="Fisher, Thomas"  id="FT0108"/>
<auth:candidate name="Fery, Thos."  id="FT0109"/>
    <auth:candidate name="Forrest, Uriah"  id="FU0000"/>
    <auth:candidate name="French, Uriah"  id="FU0001"/>
    
    <auth:candidate name="Fleming, William"  id="FW0000"/>
    <auth:candidate name="Faulkner, William"  id="FW0001"/>
    <auth:candidate name="Frazier, William"  id="FW0002"/>
    <auth:candidate name="Fowler, William"  id="FW0003"/>
    <auth:candidate name="Fitzwhylsonn, William H."  id="FW0004"/>
    <auth:candidate name="Few, William"  id="FW0005"/>
    <auth:candidate name="Forman, William"  id="FW0006"/>
    <auth:candidate name="Foulkes, William"  id="FW0007"/>
    <auth:candidate name="Fobes, Walter"  id="FW0008"/>
    <auth:candidate name="Ford, William"  id="FW0009"/>
    <auth:candidate name="Foster, William P."  id="FW0010"/>
    <auth:candidate name="Frazier, William"  id="FW0011"/>
    <auth:candidate name="Foster, William P."  id="FW0012"/>
    <auth:candidate name="Ford, William"  id="FW0013"/>
    <auth:candidate name="Ford, William"  id="FW0014"/>
    <auth:candidate name="Fields, Willis"  id="FW0015"/>
    <auth:candidate name="Fleming, William P."  id="FW0016"/>
    <auth:candidate name="Fitzhugh, William"  id="FW0017"/>
    <auth:candidate name="Field, William"  id="FW0018"/>
    <auth:candidate name="Farley, William J."  id="FW0019"/>
    <auth:candidate name="Fountain, Walter L."  id="FW0020"/>
    <auth:candidate name="Fleming, William"  id="FW0021"/>
    <auth:candidate name="Ferguson, William"  id="FW0022"/>
    <auth:candidate name="Farquhar, William P."  id="FW0023"/>
    <auth:candidate name="Fisk, William"  id="FW0024"/>
    <auth:candidate name="Fithian, William R."  id="FW0025"/>
    <auth:candidate name="Folger, Walter, Jr."  id="FW0026"/>
    <auth:candidate name="Ferguson, William"  id="FW0027"/>
    <auth:candidate name="Forman, William Gordon"  id="FW0028"/>
    <auth:candidate name="Fabyan, William"  id="FW0029"/>
    <auth:candidate name="Few, William"  id="FW0030"/>
    <auth:candidate name="Fithian, William"  id="FW0031"/>
    <auth:candidate name="Flagg, William"  id="FW0032"/>
    <auth:candidate name="Folger, Walter"  id="FW0033"/>
    <auth:candidate name="Floyd, William"  id="FW0034"/>
    <auth:candidate name="Frost, Walter"  id="FW0035"/>
    <auth:candidate name="Fox, William W."  id="FW0036"/>
    <auth:candidate name="Folger, William"  id="FW0037"/>
    <auth:candidate name="Front, William"  id="FW0038"/>
    <auth:candidate name="Finn, William"  id="FW0039"/>
    <auth:candidate name="Fessendon, William"  id="FW0040"/>
    <auth:candidate name="Furnum, William"  id="FW0041"/>
    <auth:candidate name="Fraser, William"  id="FW0042"/>
    <auth:candidate name="Furman, William"  id="FW0043"/>
    <auth:candidate name="Fuller, William K."  id="FW0044"/>
    <auth:candidate name="Fales, William"  id="FW0045"/>
    <auth:candidate name="Ford, William D."  id="FW0046"/>
    <auth:candidate name="Fitch, William"  id="FW0047"/>
    <auth:candidate name="Foster, William"  id="FW0048"/>
    <auth:candidate name="Furman, William"  id="FW0049"/>
    <auth:candidate name="Farington, William"  id="FW0050"/>
    <auth:candidate name="Fee, William"  id="FW0051"/>
    <auth:candidate name="Forbes, William G."  id="FW0052"/>
    <auth:candidate name="Fish, William"  id="FW0053"/>
    <auth:candidate name="Fame, Wiliam"  id="FW0054"/>
    <auth:candidate name="Ferguson, William"  id="FW0055"/>
    <auth:candidate name="Farquhar, William W."  id="FW0056"/>
    <auth:candidate name="French, William"  id="FW0057"/>
    <auth:candidate name="Frazer, William"  id="FW0058"/>
    <auth:candidate name="Forgave, William"  id="FW0059"/>
    <auth:candidate name="Fish, Walter"  id="FW0060"/>
    <auth:candidate name="Findlay, William"  id="FW0061"/>
    <auth:candidate name="Findley, William"  id="FW0062"/>
    <auth:candidate name="Folts, Warner"  id="FW0063"/>
    <auth:candidate name="Furman, Waters"  id="FW0064"/>
    <auth:candidate name="Ferris, Weyman"  id="FW0065"/>
    <auth:candidate name="Farnsworth, Whitney Jones"  id="FW0066"/>
    <auth:candidate name="Forman, Wilhelmus S."  id="FW0067"/>
    <auth:candidate name="Franklin, Walter"  id="FW0068"/>
    <auth:candidate name="Force, William"  id="FW0069"/>
    <auth:candidate name="Foster, William"  id="FW0070"/>
    <auth:candidate name="Folwell, William"  id="FW0071"/>
    <auth:candidate name="Ferris, William"  id="FW0072"/>
    <auth:candidate name="Falwell, William W."  id="FW0073"/>
    <auth:candidate name="Folks, William"  id="FW0074"/>
    <auth:candidate name="Fowler, William"  id="FW0075"/>
    <auth:candidate name="Finley, William"  id="FW0076"/>
    <auth:candidate name="Far, William"  id="FW0077"/>
    <auth:candidate name="Folwell, William A."  id="FW0078"/>
    <auth:candidate name="Forkinson, William"  id="FW0079"/>
    <auth:candidate name="Foulke, William"  id="FW0080"/>
    <auth:candidate name="Ferris, William"  id="FW0081"/>
    <auth:candidate name="Fellows, William"  id="FW0082"/>
    <auth:candidate name="Flintham, William"  id="FW0083"/>
    <auth:candidate name="Filbe, William"  id="FW0084"/>
    <auth:candidate name="Fogle, William"  id="FW0085"/>
    <auth:candidate name="Farnshaw, William"  id="FW0086"/>
    <auth:candidate name="Freidt, William"  id="FW0087"/>
    <auth:candidate name="Farland, William W."  id="FW0088"/>
    <auth:candidate name="Ferree, William"  id="FW0089"/>
    <auth:candidate name="Flinn, William"  id="FW0090"/>
    <auth:candidate name="Fisher, Wendle"  id="FW0091"/>
    <auth:candidate name="Franklin, Walter, Jr."  id="FW0092"/>
    <auth:candidate name="Fisher, William"  id="FW0093"/>
    <auth:candidate name="Fleming, W."  id="FW0094"/>
    <auth:candidate name="Fenstermacher, William"  id="FW0095"/>
    <auth:candidate name="Fox, W. L."  id="FW0096"/>
    <auth:candidate name="Forward, Walter"  id="FW0097"/>
    <auth:candidate name="Forward, Walter"  id="FW0098"/>
    <auth:candidate name="Farrell, William"  id="FW0099"/>
    <auth:candidate name="Ferron, William"  id="FW0100"/>
    <auth:candidate name="Foster, William B."  id="FW0101"/>
    <auth:candidate name="Frame, William"  id="FW0102"/>
    <auth:candidate name="Forster, William"  id="FW0103"/>
    <auth:candidate name="Foulke, William"  id="FW0104"/>
    <auth:candidate name="Frill, William"  id="FW0105"/>
    <auth:candidate name="Forest, William D."  id="FW0106"/>
    <auth:candidate name="Ford, William"  id="FW0107"/>
    <auth:candidate name="Fay, William"  id="FW0108"/>
    <auth:candidate name="Frisbee, William"  id="FW0109"/>
    <auth:candidate name="Fisher, William"  id="FW0110"/>
    <auth:candidate name="Felton, William"  id="FW0111"/>
    <auth:candidate name="Fithian, William R."  id="FW0112"/>
    <auth:candidate name="Fairlamb, William"  id="FW0113"/>
    <auth:candidate name="Freeman, William"  id="FW0114"/>
    <auth:candidate name="Foster, William"  id="FW0115"/>
    <auth:candidate name="Foulke, W."  id="FW0116"/>
    <auth:candidate name="Forster, William, Jr."  id="FW0117"/>
    <auth:candidate name="Finks, William"  id="FW0118"/>
    <auth:candidate name="Field, William"  id="FW0119"/>
    <auth:candidate name="Falconer, William"  id="FW0120"/>
    <auth:candidate name="Ferguson, William C."  id="FW0121"/>
    <auth:candidate name="Fitzpatrick, William"  id="FW0122"/>
    <auth:candidate name="Fry, Welsey"  id="FW0123"/>
    <auth:candidate name="Ferguson, William Maine"  id="FW0124"/>
    <auth:candidate name="Footman, William C."  id="FW0125"/>
    <auth:candidate name="Falconer, William"  id="FW0126"/>
    <auth:candidate name="Frierson, William"  id="FW0127"/>
    <auth:candidate name="Foushee, William"  id="FW0128"/>
    <auth:candidate name="Foulk, William"  id="FW0129"/>
    <auth:candidate name="French, William"  id="FW0130"/>
    <auth:candidate name="Fleming, William R."  id="FW0131"/>
    <auth:candidate name="Farrar, William"  id="FW0132"/>
    <auth:candidate name="Fitzhugh, William"  id="FW0133"/>
    <auth:candidate name="Flood, William P."  id="FW0134"/>
    <auth:candidate name="Fontaine, Walter F."  id="FW0135"/>
    <auth:candidate name="Foote, William Haywood"  id="FW0136"/>
    <auth:candidate name="Fitzhugh, William L."  id="FW0137"/>
    <auth:candidate name="Fitzhugh, William H."  id="FW0138"/>
    <auth:candidate name="Fort, William"  id="FW0139"/>
    <auth:candidate name="Fitzhugh, William H."  id="FW0140"/>
    
    <auth:candidate name="Field, Zachariah"  id="FZ0000"/>
    <auth:candidate name="Forrest, Zachariah"  id="FZ0001"/>
    <auth:candidate name="Foster, Zebulon"  id="FZ0002"/>
    <auth:candidate name="Ferris, Ziba"  id="FZ0003"/>
    <auth:candidate name="Fish, Zadock"  id="FZ0004"/>
    <auth:candidate name="Floury, Zebulon"  id="FZ0005"/>
    <auth:candidate name="Flummerfelt, Zachariah"  id="FZ0006"/>
</names-authority-list>