<?xml version="1.0" encoding="UTF-8"?> <names-authority-list xmlns:auth="http://dca.tufts.edu/aas/auth" xmlns:xref="http://dca/tufts.edu/aas/xref">

    <auth:candidate name="Inskeep, Abraham"  id="IA0000"/>
    <auth:candidate name="Ilarrison, Abraham P."  id="IA0001"/>
    <auth:candidate name="Irvin, Alexander"  id="IA0002"/>
    <auth:candidate name="Ireland, Aphonso C."  id="IA0003"/>
    <auth:candidate name="Ingraham, Agreen"  id="IA0004"/>
<auth:candidate name="Irwin, Andrew"  id="IA0007"/>
<auth:candidate name="Ingram, Anthony"  id="IA0008"/>
    <auth:candidate name="Iddings, Benjamin"  id="IB0000"/>
    <auth:candidate name="Isaacs, Benjamin"  id="IB0001"/>
    <auth:candidate name="Irvine, Baptis"  id="IB0002"/>
    
    <auth:candidate name="Ihrie, Conrad, Jr."  id="IC0000"/>
    <auth:candidate name="Irwin, Cadwalader"  id="IC0001"/>
    <auth:candidate name="Inum, Christian"  id="IC0002"/>
    <auth:candidate name="Ingersoll, Charles J."  id="IC0003"/>
    <auth:candidate name="Ingalls, Charles F."  id="IC0004"/>
    <auth:candidate name="Irby, Charles"  id="IC0005"/>
    <auth:candidate name="Israel, Charles H."  id="IC0006"/>
    
    <auth:candidate name="Ivins, David W."  id="ID0000"/>
    <auth:candidate name="Ireland, David"  id="ID0001"/>
    <auth:candidate name="Ilsley, Daniel"  id="ID0002"/>
    <auth:candidate name="Ingraham, Duncan"  id="ID0003"/>
    <auth:candidate name="Ingersoll, David"  id="ID0004"/>
    
    <auth:candidate name="Inman, Edward"  id="IE0000"/>
    <auth:candidate name="Ingraham, Edward D."  id="IE0001"/>
    <auth:candidate name="Inman, Edward"  id="IE0002"/>
    <auth:candidate name="Ironmonger, Edward"  id="IE0003"/>
    <auth:candidate name="Irish, Ebenezer"  id="IE0004"/>
    <auth:candidate name="Iams, Eli"  id="IE0005"/>
    <auth:candidate name="Isley, Enoch"  id="IE0006"/>
    <auth:candidate name="Ingle, Ebenezer"  id="IE0007"/>
    <auth:candidate name="Ingalls, Ezra"  id="IE0008"/>
    <auth:candidate name="Ingersoll, Edward"  id="IE0009"/>
    <auth:candidate name="Ingalls, Edward"  id="IE0010"/>
    <auth:candidate name="Ives, Elisha"  id="IE0011"/>
    <auth:candidate name="Ile, Ernie"  id="IE0012"/>
    
    <auth:candidate name="Ingraham, Francis"  id="IF0000"/>
    
    <auth:candidate name="Ingle, George"  id="IG0000"/>
    <auth:candidate name="Illig, George"  id="IG0001"/>
    <auth:candidate name="Ireland, George W."  id="IG0002"/>
    <auth:candidate name="Irons, Garret"  id="IG0003"/>
    <auth:candidate name="Irwin, George"  id="IG0004"/>
    <auth:candidate name="Ingels, George"  id="IG0005"/>
    <auth:candidate name="Ireland, George"  id="IG0006"/>
    <auth:candidate name="Irish, George"  id="IG0007"/>
    <auth:candidate name="Ireland, George"  id="IG0008"/>
    
    <auth:candidate name="Inman, Henry"  id="IH0000"/>
    <auth:candidate name="Innes, Harry"  id="IH0001"/>
    <auth:candidate name="Ingraham, Henry E."  id="IH0002"/>
    <auth:candidate name="Izard, Henry"  id="IH0003"/>
    
    <auth:candidate name="Israel, Israel"  id="II0000"/>
    <auth:candidate name="Ingham, Isaiah"  id="II0001"/>
    <auth:candidate name="Ilsley, Isaac"  id="II0002"/>
    <auth:candidate name="Isaacs, Isaac A."  id="II0003"/>
    <auth:candidate name="Inman, Israel"  id="II0004"/>
    
    <auth:candidate name="Irwin, James"  id="IJ0000"/>
    <auth:candidate name="Inloes, Joshua"  id="IJ0001"/>
    <auth:candidate name="Ingersoll, Jared"  id="IJ0002"/>
    <auth:candidate name="Ingersoll, Jonathan"  id="IJ0003"/>
    <auth:candidate name="Irish, James"  id="IJ0004"/>
    <auth:candidate name="Imley, John"  id="IJ0005"/>
    <auth:candidate name="Irwin, Joseph"  id="IJ0006"/>
    <auth:candidate name="Irwin, John"  id="IJ0007"/>
    <auth:candidate name="Irwin, James"  id="IJ0008"/>
    <auth:candidate name="Iredell, James"  id="IJ0009"/>
    <auth:candidate name="Ingle, John"  id="IJ0010"/>
    <auth:candidate name="Immick, John"  id="IJ0011"/>
    <auth:candidate name="Izor, Joshua D."  id="IJ0012"/>
    <auth:candidate name="Ingersoll, Jonathan"  id="IJ0013"/>
    <auth:candidate name="Ilovsky, John"  id="IJ0014"/>
    <auth:candidate name="Ives, Jesse"  id="IJ0015"/>
    <auth:candidate name="Isham, Jirah"  id="IJ0016"/>
    <auth:candidate name="Ingle, Jacob"  id="IJ0017"/>
    <auth:candidate name="Irvin, James"  id="IJ0018"/>
    <auth:candidate name="Irwin, James"  id="IJ0019"/>
    <auth:candidate name="Ingals, John"  id="IJ0020"/>
    <auth:candidate name="Igget, John"  id="IJ0021"/>
    <auth:candidate name="Israel, Joseph"  id="IJ0022"/>
    <auth:candidate name="Irwin, Jared"  id="IJ0023"/>
    <auth:candidate name="Irvine, James"  id="IJ0024"/>
    <auth:candidate name="Ireland, John"  id="IJ0025"/>
    <auth:candidate name="Ingram, John"  id="IJ0026"/>
    <auth:candidate name="Ireland, Joseph"  id="IJ0027"/>
    <auth:candidate name="Irvine, J. T."  id="IJ0028"/>
    <auth:candidate name="Irving, John T."  id="IJ0029"/>
    <auth:candidate name="Iscariott, Judas"  id="IJ0030"/>
    <auth:candidate name="Irwin, John"  id="IJ0031"/>
    <auth:candidate name="Irvin, John"  id="IJ0032"/>
    <auth:candidate name="Irwin, James"  id="IJ0033"/>
    <auth:candidate name="Ireland, John"  id="IJ0034"/>
    <auth:candidate name="Irwin, John"  id="IJ0035"/>
    <auth:candidate name="Ireland, Joseph"  id="IJ0036"/>
    <auth:candidate name="Irwin, John"  id="IJ0037"/>
    <auth:candidate name="Irish, Job"  id="IJ0038"/>
    <auth:candidate name="Ickes, John"  id="IJ0039"/>
    <auth:candidate name="Ihrie, John"  id="IJ0040"/>
    <auth:candidate name="Ives, John"  id="IJ0041"/>
    <auth:candidate name="Ingersoll, Joseph R."  id="IJ0042"/>
    <auth:candidate name="Iseworth, John"  id="IJ0043"/>
    <auth:candidate name="Irwin, John"  id="IJ0044"/>
    <auth:candidate name="Isaac, Joseph"  id="IJ0045"/>
    <auth:candidate name="Ireland, Joseph, Jr."  id="IJ0046"/>
    <auth:candidate name="Ingalls, Joseph A."  id="IJ0047"/>
    <auth:candidate name="Ingles, Joseph U."  id="IJ0048"/>
<auth:candidate name="Inglish, John"  id="IJ0050"/>
<auth:candidate name="Imlay, James H."  id="IJ0057"/>
<auth:candidate name="Ireland, Jophet"  id="IJ0058"/>
<auth:candidate name="Ingold, John, Jr."  id="IJ0063"/>
<auth:candidate name="Ingraham, Joseph"  id="IJ0074"/>
<auth:candidate name="Iredell, James"  id="IJ0076"/>
<auth:candidate name="Ingle, John L."  id="IJ0078"/>
<auth:candidate name="Ingerond, Joseph"  id="IJ0080"/>
<auth:candidate name="Iredell, James"  id="IJ0081"/>
<auth:candidate name="Imlay, J. C."  id="IJ0082"/>
<auth:candidate name="Imlay, John C."  id="IJ0083"/>
<auth:candidate name="Immell, Jacob"  id="IJ0085"/>
<auth:candidate name="Irvine, James"  id="IJ0086"/>
<auth:candidate name="Irwin, James"  id="IJ0087"/>
<auth:candidate name="Irwin, Joseph"  id="IJ0088"/>
<auth:candidate name="Ingham, Jonas"  id="IJ0091"/>
<auth:candidate name="Israel, John"  id="IJ0092"/>
<auth:candidate name="Isett, Jacob"  id="IJ0093"/>
<auth:candidate name="Inskeep, John"  id="IJ0094"/>
<auth:candidate name="Irvine, John"  id="IJ0095"/>
<auth:candidate name="Irwin, Jared"  id="IJ0096"/>
<auth:candidate name="Isterling, Jacob B."  id="IJ0097"/>
<auth:candidate name="Irwin, James"  id="IJ0098"/>
<auth:candidate name="Inloes, J."  id="IJ0099"/>
<auth:candidate name="Iglehart, James, Jr."  id="IJ0100"/>
<auth:candidate name="Ingersoll, Jared"  id="IJ0104"/>
<auth:candidate name="Ingraham, John"  id="IJ0107"/>
<auth:candidate name="Iredell, Jonathan"  id="IJ0108"/>
<auth:candidate name="I'on, Jacob Bond"  id="IJ0109"/>
<auth:candidate name="Isacks, Jacob C."  id="IJ0112"/>
<auth:candidate name="Impson, John"  id="IJ0114"/>
<auth:candidate name="Irwin, John"  id="IJ0115"/>
<auth:candidate name="I'on, Jacob Bond"  id="IJ0116"/>
    <auth:candidate name="Ives, Levi"  id="IL0000"/>
    <auth:candidate name="Inne, Levi"  id="IL0001"/>
    <auth:candidate name="Inglehart, Leonard"  id="IL0002"/>
    <auth:candidate name="Isabel, Lyman"  id="IL0003"/>
    <auth:candidate name="Isaac, Lane"  id="IL0004"/>
    <auth:candidate name="Ide, Lemuel"  id="IL0005"/>
    <auth:candidate name="Isle, Lemuel"  id="IL0006"/>
    
    <auth:candidate name="Ingley, Moses"  id="IM0000"/>
    
    <auth:candidate name="Irish, Nathaniel"  id="IN0000"/>
    <auth:candidate name="Ingraham, Nathaniel G."  id="IN0001"/>
    <auth:candidate name="Irwin, Nenian"  id="IN0002"/>
    <auth:candidate name="Ickes, Nicholas"  id="IN0003"/>
    
    <auth:candidate name="Ijams, Plummer"  id="IP0000"/>
    <auth:candidate name="Irving, Peter"  id="IP0001"/>
    <auth:candidate name="Inskeep, Phineas"  id="IP0002"/>
    <auth:candidate name="Ihrie, Peter, Jr."  id="IP0003"/>
    
    <auth:candidate name="Ingersoll, Ralph I."  id="IR0000"/>
    <auth:candidate name="Irwin, Robert, Jr."  id="IR0001"/>
    <auth:candidate name="Isley, Robert"  id="IR0002"/>
    <auth:candidate name="Inman, Richard"  id="IR0003"/>
<auth:candidate name="Iverson, Robert"  id="IR0005"/>
<auth:candidate name="Ireland, Richard"  id="IR0008"/>
<auth:candidate name="Irwin, Robert"  id="IR0014"/>
<auth:candidate name="Irwin, Robert"  id="IR0017"/>
<auth:candidate name="Iglehart, Richard"  id="IR0018"/>
<auth:candidate name="Irwin, Robert"  id="IR0019"/>
<auth:candidate name="Innes, Robert"  id="IR0020"/>
    <auth:candidate name="Ingersol, Stephen M."  id="IS0000"/>
    <auth:candidate name="Ingham, Samuel D."  id="IS0001"/>
    <auth:candidate name="Ide, Stephen"  id="IS0002"/>
    <auth:candidate name="Ingals, Samuel M."  id="IS0003"/>
    <auth:candidate name="Ingersoll, Stephen"  id="IS0004"/>
    <auth:candidate name="Ickes, Samuel"  id="IS0005"/>
    <auth:candidate name="Iredell, Seth"  id="IS0006"/>
    
    <auth:candidate name="Ives, Thomas"  id="IT0000"/>
    <auth:candidate name="Ives, Titus"  id="IT0001"/>
    <auth:candidate name="Insley, Thomas"  id="IT0002"/>
    <auth:candidate name="Irwin, Thomas"  id="IT0003"/>
    <auth:candidate name="Irwin, Thomas"  id="IT0004"/>
    <auth:candidate name="Ives, Thomas P."  id="IT0005"/>
    <auth:candidate name="Ives, Timothy"  id="IT0006"/>
    <auth:candidate name="Ijams, Thomas"  id="IT0007"/>
    <auth:candidate name="Ives, Thomas P."  id="IT0008"/>
<auth:candidate name="Irwin, Thomas"  id="IT0010"/>
    <auth:candidate name="Imlay, William Eugene"  id="IW0000"/>
    <auth:candidate name="Ingles, William"  id="IW0001"/>
    <auth:candidate name="Irvine, William"  id="IW0002"/>
    <auth:candidate name="Irvin, William"  id="IW0003"/>
    <auth:candidate name="Inglish, William"  id="IW0004"/>
    <auth:candidate name="Irick, William"  id="IW0005"/>
    <auth:candidate name="Inloes, William"  id="IW0006"/>
    <auth:candidate name="Ireland, William H."  id="IW0007"/>
    <auth:candidate name="Irvin, William"  id="IW0008"/>
    <auth:candidate name="Inglis, William, Jr."  id="IW0009"/>
<auth:candidate name="Imlay, William I."  id="IW0013"/>
<auth:candidate name="Irving, William"  id="IW0014"/>
<auth:candidate name="Irwin, William W."  id="IW0018"/>
<auth:candidate name="Irvine, William N."  id="IW0019"/>
<auth:candidate name="Irwin, William"  id="IW0036"/>
<auth:candidate name="Irvine, William N."  id="IW0046"/>
<auth:candidate name="Irwin, William"  id="IW0047"/>
    </names-authority-list>