<?xml version="1.0" encoding="UTF-8"?> <names-authority-list xmlns:auth="http://dca.tufts.edu/aas/auth" xmlns:xref="http://dca/tufts.edu/aas/xref">

    <auth:candidate name="Judson, Agur"  id="JA0000"/>
    <auth:candidate name="Jones, Awbray"  id="JA0001"/>
    <auth:candidate name="Johns, Arthur"  id="JA0002"/>
    <auth:candidate name="Job, Abram"  id="JA0003"/>
    <auth:candidate name="Junkins, Adam"  id="JA0004"/>
    <auth:candidate name="James, Adam"  id="JA0005"/>
    <auth:candidate name="Johnston, Alexander"  id="JA0006"/>
    <auth:candidate name="Jackson, Abraham"  id="JA0007"/>
    <auth:candidate name="Jamison, Alexander"  id="JA0008"/>
    <auth:candidate name="Jones, Abraham"  id="JA0009"/>
    <auth:candidate name="Johnson, Aaron"  id="JA0010"/>
    <auth:candidate name="Johnson, Alfred, Jr."  id="JA0011"/>
    <auth:candidate name="Jansen, Abraham"  id="JA0012"/>
    <auth:candidate name="Job, Archibald"  id="JA0013"/>
    <auth:candidate name="Jackson, Andrew"  id="JA0014"/>
    <auth:candidate name="Johnson, Alexander B."  id="JA0015"/>
    <auth:candidate name="Jorden, Allen"  id="JA0016"/>
    <auth:candidate name="Jirilus, Ambrose L."  id="JA0017"/>
    <auth:candidate name="Jarrett, Abraham"  id="JA0018"/>
    <auth:candidate name="Jordon, Ambrose L."  id="JA0019"/>
    <auth:candidate name="Johnson, Amos S."  id="JA0020"/>
    <auth:candidate name="Jenks, Ananias"  id="JA0021"/>
    <auth:candidate name="Johnson, Alexander"  id="JA0022"/>
    <auth:candidate name="Jump, Alemby"  id="JA0023"/>
    <auth:candidate name="Jackson, Andrew"  id="JA0024"/>
    <auth:candidate name="Jones, Abraham"  id="JA0025"/>
    <auth:candidate name="Jones, Arnold E."  id="JA0026"/>
    <auth:candidate name="Jackson, Andrew"  id="JA0027"/>
    <auth:candidate name="Johnson, Asahel"  id="JA0028"/>
    <auth:candidate name="Jacoby, Abraham"  id="JA0029"/>
    <auth:candidate name="Jameson, Alexander"  id="JA0030"/>
    <auth:candidate name="Johnson, Andrew"  id="JA0031"/>
    <auth:candidate name="Johnson, Alexander"  id="JA0032"/>
<auth:candidate name="Judd, Asahel"  id="JA0041"/>
<auth:candidate name="Johnson, Anthony"  id="JA0049"/>
<auth:candidate name="Jones, Atlas"  id="JA0052"/>
<auth:candidate name="Janney, Amos"  id="JA0059"/>
<auth:candidate name="Johnston, Andrew"  id="JA0061"/>
<auth:candidate name="Johnston, Alexander"  id="JA0063"/>
<auth:candidate name="Jordon, Archibald S."  id="JA0065"/>
<auth:candidate name="Judson, Amos"  id="JA0070"/>
<auth:candidate name="John, Abijah"  id="JA0071"/>
<auth:candidate name="Jameson, Alexander"  id="JA0072"/>
<auth:candidate name="James, Abel H."  id="JA0073"/>
<auth:candidate name="Jones, Adam C."  id="JA0074"/>
<auth:candidate name="Jackson, Andrew"  id="JA0075"/>
<auth:candidate name="Johnston, Amos"  id="JA0078"/>
<auth:candidate name="Jeffries, Achilles"  id="JA0080"/>
<auth:candidate name="Jennings, Augustine"  id="JA0082"/>
<auth:candidate name="Jones, Alexander"  id="JA0085"/>
<auth:candidate name="James, Aldrige"  id="JA0089"/>
<auth:candidate name="Jeter, Allen"  id="JA0090"/>
    <auth:candidate name="Jackson, Andrew"  id="JA0091"/>
    <auth:candidate name="Jones, Benjamin"  id="JB0000"/>
    <auth:candidate name="Jones, Batt"  id="JB0001"/>
    <auth:candidate name="Jacobs, B."  id="JB0002"/>
    <auth:candidate name="Jones, Benjamin White"  id="JB0003"/>
    <auth:candidate name="Jamison, Benedict"  id="JB0004"/>
    <auth:candidate name="Jones, Benjamin J."  id="JB0005"/>
    <auth:candidate name="Jackson, Burwell"  id="JB0006"/>
    <auth:candidate name="James, Benjamin"  id="JB0007"/>
    <auth:candidate name="Jones, Benjamin G."  id="JB0008"/>
    <auth:candidate name="Jones, Benjamin"  id="JB0009"/>
    <auth:candidate name="Johnson, Benjamin H."  id="JB0010"/>
    <auth:candidate name="John, Benjamin"  id="JB0011"/>
    <auth:candidate name="Johnson, Baker"  id="JB0012"/>
    <auth:candidate name="Josten, Benjamin"  id="JB0013"/>
    <auth:candidate name="Jenkins, Benjamin"  id="JB0014"/>
    <auth:candidate name="Johnson, Benjamin"  id="JB0015"/>
    <auth:candidate name="Jennings, Benjamin"  id="JB0016"/>
    <auth:candidate name="Joslin, Benjamin"  id="JB0017"/>
    <auth:candidate name="Jones, Benjamin"  id="JB0018"/>
    <auth:candidate name="Jones, Benjamin"  id="JB0019"/>
    <auth:candidate name="Jones, Benjamin"  id="JB0020"/>
    <auth:candidate name="Jones, Bela"  id="JB0021"/>
    <auth:candidate name="Joplin, Benjamin"  id="JB0022"/>
    <auth:candidate name="Jenkins, Benjamin W."  id="JB0023"/>
    <auth:candidate name="Jack, Black"  id="JB0024"/>
    <auth:candidate name="Jones, Bartlet"  id="JB0025"/>
    <auth:candidate name="Jones, Binns"  id="JB0026"/>
    <auth:candidate name="Johnson, Ben"  id="JB0027"/>
    <auth:candidate name="Jones, Benjamin"  id="JB0028"/>
    <auth:candidate name="Johnson, Benjamin"  id="JB0029"/>
    <auth:candidate name="Jones, Benjamin H."  id="JB0030"/>
    <auth:candidate name="Jones, Benjamin, Jr."  id="JB0031"/>
    <auth:candidate name="Jordan, Benjamin"  id="JB0032"/>
    <auth:candidate name="Johnson, Bartholomew"  id="JB0033"/>
    <auth:candidate name="Johnson, Benjamin"  id="JB0034"/>
<auth:candidate name="Jennings, Benjamin"  id="JB0035"/>
<auth:candidate name="Jones, Bathurst"  id="JB0036"/>
<auth:candidate name="Johnson, Benjamin W."  id="JB0038"/>
<auth:candidate name="Jones, Benjamin"  id="JB0039"/>
<auth:candidate name="Jeffries, Benjamin, Sr."  id="JB0043"/>
    <auth:candidate name="Jacobs, Curtis"  id="JC0000"/>
    <auth:candidate name="Jones, Cantwell"  id="JC0001"/>
    <auth:candidate name="Johnson, Caleb"  id="JC0002"/>
    <auth:candidate name="Jones, Charles E."  id="JC0003"/>
    <auth:candidate name="Johnson, Charles"  id="JC0004"/>
    <auth:candidate name="Johnson, Charles"  id="JC0005"/>
    <auth:candidate name="Johnson, Cave"  id="JC0006"/>
    <auth:candidate name="Jones, Charles"  id="JC0007"/>
    <auth:candidate name="Johnson, Charles E."  id="JC0008"/>
    <auth:candidate name="Jones, Caleb"  id="JC0009"/>
    <auth:candidate name="Jones, Catesby"  id="JC0010"/>
    <auth:candidate name="Jones, Churchill"  id="JC0011"/>
    <auth:candidate name="Johnston, Charles"  id="JC0012"/>
    <auth:candidate name="Jordan, Caleb"  id="JC0013"/>
    <auth:candidate name="Jarvis, Charles"  id="JC0014"/>
    <auth:candidate name="Jarvis, Charles"  id="JC0015"/>
    <auth:candidate name="Jackson, Charles"  id="JC0016"/>
    <auth:candidate name="Jones, Charles"  id="JC0017"/>
    <auth:candidate name="Jensen, Cornelius T."  id="JC0018"/>
    <auth:candidate name="Johnson, Charles"  id="JC0019"/>
    <auth:candidate name="Johnson, Charles"  id="JC0020"/>
    <auth:candidate name="Joncaire, Chabert"  id="JC0021"/>
    <auth:candidate name="Jewett, Caleb"  id="JC0022"/>
    <auth:candidate name="Jones, Calvin"  id="JC0023"/>
    <auth:candidate name="James, Charles"  id="JC0024"/>
    <auth:candidate name="Johnson, C. M."  id="JC0025"/>
    <auth:candidate name="Jewitt, Cream Luther"  id="JC0026"/>
    <auth:candidate name="James, Caleb"  id="JC0027"/>
    <auth:candidate name="Joslyn, Charles"  id="JC0028"/>
    <auth:candidate name="John, Cooper"  id="JC0029"/>
    <auth:candidate name="Jahnstock, Charles"  id="JC0030"/>
    <auth:candidate name="Jenkins, Charles F."  id="JC0031"/>
    <auth:candidate name="James, Cornelius"  id="JC0032"/>
    <auth:candidate name="Jack, Charles J."  id="JC0033"/>
    <auth:candidate name="Jones, Charles"  id="JC0034"/>
    <auth:candidate name="Jordan, Conrad"  id="JC0035"/>
    <auth:candidate name="Jones, Charles Binns"  id="JC0036"/>
    <auth:candidate name="Johnston, Charles"  id="JC0037"/>
    <auth:candidate name="Johnston, Charles"  id="JC0038"/>
    <auth:candidate name="Johnson, Chapman"  id="JC0039"/>
    <auth:candidate name="Johnson, Charles"  id="JC0040"/>
    <auth:candidate name="Jennings, Charles"  id="JC0041"/>
    <auth:candidate name="Johnston, Charles"  id="JC0042"/>
    <auth:candidate name="Johnston, Charles"  id="JC0043"/>
    <auth:candidate name="Jewitt, Calvin"  id="JC0044"/>
    
    <auth:candidate name="Jones, David"  id="JD0000"/>
    <auth:candidate name="Jameson, David"  id="JD0001"/>
    <auth:candidate name="Jones, David G."  id="JD0002"/>
    <auth:candidate name="Jacobs, Daniel"  id="JD0003"/>
    <auth:candidate name="Jackson, David"  id="JD0004"/>
    <auth:candidate name="John, David"  id="JD0005"/>
    <auth:candidate name="Jones, David"  id="JD0006"/>
    <auth:candidate name="Jenkins, David"  id="JD0007"/>
    <auth:candidate name="Judson, David C."  id="JD0008"/>
    <auth:candidate name="Johnson, Daniel"  id="JD0009"/>
    <auth:candidate name="Jones, Daniel"  id="JD0010"/>
    <auth:candidate name="Jackson, Daniel"  id="JD0011"/>
    <auth:candidate name="Jones, David"  id="JD0012"/>
    <auth:candidate name="Jones, Dicky"  id="JD0013"/>
    <auth:candidate name="Jones, Duke"  id="JD0014"/>
    <auth:candidate name="Jones, David"  id="JD0015"/>
    <auth:candidate name="James, Daniel"  id="JD0016"/>
    <auth:candidate name="Jamison, David"  id="JD0017"/>
    <auth:candidate name="Jennings, David"  id="JD0018"/>
    <auth:candidate name="Jones, Daniel"  id="JD0019"/>
    <auth:candidate name="Jarvis, Daniel"  id="JD0020"/>
    <auth:candidate name="Jones, Daniel K."  id="JD0021"/>
    <auth:candidate name="Johnson, David"  id="JD0022"/>
    <auth:candidate name="Jackson, David"  id="JD0023"/>
    <auth:candidate name="June, David"  id="JD0024"/>
    <auth:candidate name="Johnson, David"  id="JD0025"/>
    <auth:candidate name="Johnston, David"  id="JD0026"/>
    <auth:candidate name="Jones, Daniel H."  id="JD0027"/>
    <auth:candidate name="Jeffries, Daniel"  id="JD0028"/>
    <auth:candidate name="Johnson, David"  id="JD0029"/>
    <auth:candidate name="Johnson, Daniel"  id="JD0030"/>
    <auth:candidate name="Johnson, David"  id="JD0031"/>
    <auth:candidate name="Jenkins, Daniel"  id="JD0032"/>
    <auth:candidate name="Jackson, David"  id="JD0033"/>
    <auth:candidate name="Jones, David"  id="JD0034"/>
    <auth:candidate name="Jones, David S."  id="JD0035"/>
    <auth:candidate name="Jennings, David"  id="JD0036"/>
    <auth:candidate name="Johnston, David"  id="JD0037"/>
    <auth:candidate name="Jewitt, Daniel"  id="JD0038"/>
    
    <auth:candidate name="Jones, Effort"  id="JE0000"/>
    <auth:candidate name="Jenkins, Edmund B."  id="JE0001"/>
    <auth:candidate name="Jordan, Elias"  id="JE0002"/>
    <auth:candidate name="Jones, Edmond B.W."  id="JE0003"/>
    <auth:candidate name="John, Enoch D."  id="JE0004"/>
    <auth:candidate name="Jackson, Edward"  id="JE0005"/>
    <auth:candidate name="Jones, Edward"  id="JE0006"/>
    <auth:candidate name="Johnson, Edward"  id="JE0007"/>
    <auth:candidate name="Jones, Ebenezer"  id="JE0008"/>
    <auth:candidate name="Jones, Edmund"  id="JE0009"/>
    <auth:candidate name="James, Eleazer"  id="JE0010"/>
    <auth:candidate name="Jarvis, Edward"  id="JE0011"/>
    <auth:candidate name="Jackson, Elias"  id="JE0012"/>
    <auth:candidate name="Jenkins, Elisha"  id="JE0013"/>
    <auth:candidate name="Jansen, Egbert"  id="JE0014"/>
    <auth:candidate name="James, Elisham"  id="JE0015"/>
    <auth:candidate name="Jones, Elbert"  id="JE0016"/>
    <auth:candidate name="Jones, Elbert R."  id="JE0017"/>
    <auth:candidate name="Jones, Edward"  id="JE0018"/>
    <auth:candidate name="Johnson, Elknah"  id="JE0019"/>
    <auth:candidate name="Jones, Elbert H."  id="JE0020"/>
    <auth:candidate name="Jones, Elijah"  id="JE0021"/>
    <auth:candidate name="Jones, Edward"  id="JE0022"/>
    <auth:candidate name="Jewell, Ezra"  id="JE0023"/>
    <auth:candidate name="Johnson, Ebenezer"  id="JE0024"/>
    <auth:candidate name="Jones, Edmund"  id="JE0025"/>
    <auth:candidate name="Jones, Ebenezer"  id="JE0026"/>
    <auth:candidate name="Jones, Ephraim"  id="JE0027"/>
    <auth:candidate name="Jackson, Eliphalet S."  id="JE0028"/>
    <auth:candidate name="Jenkins, Eleazer"  id="JE0029"/>
    <auth:candidate name="Jones, Ezekiel"  id="JE0030"/>
    <auth:candidate name="Jennings, Ebenezer"  id="JE0031"/>
    <auth:candidate name="Jones, Ed"  id="JE0032"/>
    <auth:candidate name="Jones, Evan"  id="JE0033"/>
    <auth:candidate name="Johnson, Enos"  id="JE0034"/>
    <auth:candidate name="Jones, Edward"  id="JE0035"/>
    <auth:candidate name="Janis, Elias"  id="JE0036"/>
    <auth:candidate name="Jones, Erasmus"  id="JE0037"/>
    <auth:candidate name="Johnson, Edward"  id="JE0038"/>
    <auth:candidate name="Jones, Edward"  id="JE0039"/>
    <auth:candidate name="Judd, Ebenezer H."  id="JE0040"/>
<auth:candidate name="Jackson, Edward B."  id="JE0044"/>
<auth:candidate name="Joy, Edward"  id="JE0045"/>
<auth:candidate name="Joyce, Enoch"  id="JE0046"/>
<auth:candidate name="Jackson, Ebenezer"  id="JE0047"/>
<auth:candidate name="Jackson, Edward"  id="JE0048"/>
    <auth:candidate name="Johnson, Francis"  id="JF0000"/>
    <auth:candidate name="Jenkins, Frederick"  id="JF0001"/>
    <auth:candidate name="Jones, Frily"  id="JF0002"/>
    <auth:candidate name="Jackson, F.F."  id="JF0003"/>
    <auth:candidate name="Johnston, Francis"  id="JF0004"/>
    <auth:candidate name="Jones, F."  id="JF0005"/>
    <auth:candidate name="Jarvis, Francis"  id="JF0006"/>
    <auth:candidate name="Jones, Francis C."  id="JF0007"/>
    <auth:candidate name="Johnson, Francis"  id="JF0008"/>
    <auth:candidate name="Jacoby, Francis"  id="JF0009"/>
    <auth:candidate name="Jones, Francis"  id="JF0010"/>
    <auth:candidate name="Jones, Frederick"  id="JF0012"/>
    <auth:candidate name="Janvier, Francis"  id="JF0013"/>
    <auth:candidate name="Judson, Frederick W."  id="JF0014"/>
    <auth:candidate name="Jewett, Freeborn G."  id="JF0015"/>
    <auth:candidate name="Jarvis, Frederick"  id="JF0016"/>
    <auth:candidate name="Jenkins, Frederick"  id="JF0017"/>
    
    <auth:candidate name="Jones, George"  id="JG0000"/>
    <auth:candidate name="Johnson, Gurdon"  id="JG0001"/>
    <auth:candidate name="Jones, Gabriel"  id="JG0002"/>
    <auth:candidate name="Joy, George"  id="JG0003"/>
    <auth:candidate name="Jessiel, Gregory"  id="JG0004"/>
    <auth:candidate name="Janeway, George"  id="JG0005"/>
    <auth:candidate name="Judd, George B."  id="JG0006"/>
    <auth:candidate name="Johnson, Gideon"  id="JG0007"/>
    <auth:candidate name="Jackson, George"  id="JG0008"/>
    <auth:candidate name="Jones, George W."  id="JG0009"/>
    <auth:candidate name="Jones, Gabriel"  id="JG0010"/>
    <auth:candidate name="Johnston, G. W."  id="JG0011"/>
    <auth:candidate name="Johnston, Gabriel J."  id="JG0012"/>
    <auth:candidate name="Johnson, Gabriel Jones"  id="JG0013"/>
    <auth:candidate name="Jewitt, George"  id="JG0014"/>
    <auth:candidate name="Jackson, George"  id="JG0015"/>
    <auth:candidate name="Jennings, George"  id="JG0016"/>
    <auth:candidate name="Johonnot, George"  id="JG0017"/>
    <auth:candidate name="Jackson, George H."  id="JG0018"/>
    <auth:candidate name="Jackson, George W."  id="JG0019"/>
    <auth:candidate name="Jager, George"  id="JG0020"/>
<auth:candidate name="Jones, George"  id="JG0022"/>
<auth:candidate name="Jackson, George"  id="JG0026"/>
<auth:candidate name="Jenkins, Gideon T."  id="JG0027"/>
<auth:candidate name="Jacobs, German"  id="JG0032"/>
<auth:candidate name="Jenkins, George"  id="JG0033"/>
<auth:candidate name="Jones, George"  id="JG0036"/>
<auth:candidate name="Johnson, George"  id="JG0037"/>
<auth:candidate name="Jackson, George"  id="JG0038"/>
<auth:candidate name="Judkins, George"  id="JG0042"/>
<auth:candidate name="Jones, Gustavus A."  id="JG0043"/>
    <auth:candidate name="Jenkinson, Henry"  id="JH0000"/>
    <auth:candidate name="Johnson, Homer"  id="JH0001"/>
    <auth:candidate name="Jones, Humphrey"  id="JH0002"/>
    <auth:candidate name="Johnson, Henry"  id="JH0003"/>
    <auth:candidate name="Jones, Humphrey B."  id="JH0004"/>
    <auth:candidate name="Jerome, H."  id="JH0005"/>
    <auth:candidate name="Jolly, Henry"  id="JH0006"/>
    <auth:candidate name="Jackson, Hall"  id="JH0007"/>
    <auth:candidate name="Johnson, H. H."  id="JH0008"/>
    <auth:candidate name="Jackson, Henry"  id="JH0009"/>
    <auth:candidate name="Johnson, Henry"  id="JH0010"/>
    <auth:candidate name="Johns, Henry H."  id="JH0011"/>
    <auth:candidate name="Jennings, Heze."  id="JH0012"/>
    <auth:candidate name="Johnson, Henry"  id="JH0013"/>
    <auth:candidate name="Jones, Horace"  id="JH0014"/>
    <auth:candidate name="Jennings, Henry"  id="JH0015"/>
    <auth:candidate name="Jolly, Henry"  id="JH0016"/>
    <auth:candidate name="James, Henry"  id="JH0017"/>
    <auth:candidate name="Johnston, Henry"  id="JH0018"/>
    <auth:candidate name="Jarrett, Henry"  id="JH0019"/>
    <auth:candidate name="Jerome, Horace"  id="JH0020"/>
    <auth:candidate name="Joulen, Humphrey"  id="JH0021"/>
    <auth:candidate name="Jennings, Hudson"  id="JH0022"/>
    <auth:candidate name="Jones, Hortia Gates"  id="JH0023"/>
    <auth:candidate name="Johnson, Holland"  id="JH0024"/>
    <auth:candidate name="Jones, Hugh"  id="JH0025"/>
    <auth:candidate name="Jackson, Hugh"  id="JH0026"/>
    <auth:candidate name="Jennings, Hastings"  id="JH0027"/>
    <auth:candidate name="Jones, Howell"  id="JH0028"/>
    <auth:candidate name="Johnston, Henry G."  id="JH0029"/>
    <auth:candidate name="Jameson, Hugh"  id="JH0030"/>
    <auth:candidate name="Jordan, Hugh"  id="JH0031"/>
    <auth:candidate name="Johnson, Henry, Jr."  id="JH0032"/>
    
    <auth:candidate name="Jennings, Israel"  id="JI0000"/>
    <auth:candidate name="Julian, Isaac"  id="JI0001"/>
    <auth:candidate name="Jones, Isaac"  id="JI0002"/>
    <auth:candidate name="Jackson, Isaac H."  id="JI0003"/>
    <auth:candidate name="Jenkins, Ira"  id="JI0004"/>
    <auth:candidate name="Jewell, Ira"  id="JI0005"/>
    <auth:candidate name="Jacobs, Israel"  id="JI0006"/>
    <auth:candidate name="Jayne, Isaac"  id="JI0007"/>
    <auth:candidate name="Johnson, Isaac"  id="JI0008"/>
    <auth:candidate name="Jones, Isaac"  id="JI0009"/>
    <auth:candidate name="Jones, Isaac"  id="JI0010"/>
    <auth:candidate name="Johnson, Isaac"  id="JI0011"/>
    <auth:candidate name="Johnson, Isaac"  id="JI0012"/>
    <auth:candidate name="Johnson, Isaac"  id="JI0013"/>
<auth:candidate name="Jackson, Israel"  id="JI0014"/>
<auth:candidate name="Johnston, Isaac"  id="JI0018"/>
    <auth:candidate name="Jewitt, John, II"  id="JJ0000"/>
    <auth:candidate name="Jones, John"  id="JJ0001"/>
    <auth:candidate name="Jenckes, John"  id="JJ0002"/>
    <auth:candidate name="Jeffery, Jehoiada"  id="JJ0003"/>
    <auth:candidate name="Jackson, James"  id="JJ0004"/>
    <auth:candidate name="Jackson, James"  id="JJ0005"/>
    <auth:candidate name="Jennicks, Joseph"  id="JJ0006"/>
    <auth:candidate name="Jerome, Jeremiah"  id="JJ0007"/>
    <auth:candidate name="Johnson, John"  id="JJ0008"/>
    <auth:candidate name="Jones, John"  id="JJ0009"/>
    <auth:candidate name="Jones, James"  id="JJ0010"/>
    <auth:candidate name="Jameson, John"  id="JJ0011"/>
    <auth:candidate name="Jansen, Johannis T."  id="JJ0012"/>
    <auth:candidate name="Jackson, John"  id="JJ0013"/>
    <auth:candidate name="Johnston, John"  id="JJ0014"/>
    <auth:candidate name="Joyner, John"  id="JJ0015"/>
    <auth:candidate name="Johnston, John"  id="JJ0016"/>
    <auth:candidate name="Jones, John"  id="JJ0017"/>
    <auth:candidate name="Jaison, Joseph"  id="JJ0018"/>
    <auth:candidate name="James, John"  id="JJ0019"/>
    <auth:candidate name="Jerome, Jonathan"  id="JJ0020"/>
    <auth:candidate name="John, Jacob B."  id="JJ0021"/>
    <auth:candidate name="Johnson, James"  id="JJ0022"/>
    <auth:candidate name="Jenkinson, Joseph"  id="JJ0023"/>
    <auth:candidate name="Jones, John"  id="JJ0024"/>
    <auth:candidate name="Johnston, John"  id="JJ0025"/>
    <auth:candidate name="Jordan, James"  id="JJ0026"/>
    <auth:candidate name="Jenkins, J.B."  id="JJ0027"/>
    <auth:candidate name="Johnston, John"  id="JJ0028"/>
    <auth:candidate name="Johnston, James"  id="JJ0029"/>
    <auth:candidate name="Jones, John"  id="JJ0030"/>
    <auth:candidate name="Jackson, Joseph W."  id="JJ0031"/>
    <auth:candidate name="Jacobs, John"  id="JJ0032"/>
    <auth:candidate name="Johnson, John"  id="JJ0033"/>
    <auth:candidate name="Jones, James"  id="JJ0034"/>
    <auth:candidate name="Johnston, John"  id="JJ0035"/>
    <auth:candidate name="Jacob, Jared"  id="JJ0036"/>
    <auth:candidate name="Jones, John Rice"  id="JJ0037"/>
    <auth:candidate name="Johnson, John"  id="JJ0038"/>
    <auth:candidate name="Jones, Joseph"  id="JJ0039"/>
    <auth:candidate name="Jameson, John"  id="JJ0040"/>
    <auth:candidate name="Jennings, Jonathan"  id="JJ0041"/>
    <auth:candidate name="Johnson, James"  id="JJ0042"/>
    <auth:candidate name="Jacobs, Jeremiah"  id="JJ0043"/>
    <auth:candidate name="Jackson, Jacob"  id="JJ0044"/>
    <auth:candidate name="Jackson, John J."  id="JJ0045"/>
    <auth:candidate name="Jameson, James"  id="JJ0046"/>
    <auth:candidate name="Johnson, James"  id="JJ0047"/>
    <auth:candidate name="Johnson, Joseph"  id="JJ0048"/>
    <auth:candidate name="Johnston, John"  id="JJ0049"/>
    <auth:candidate name="Jameson, John G."  id="JJ0050"/>
    <auth:candidate name="Johnson, Julius"  id="JJ0051"/>
    <auth:candidate name="Jordon, John"  id="JJ0052"/>
    <auth:candidate name="Johnson, James"  id="JJ0053"/>
    <auth:candidate name="Jones, John"  id="JJ0054"/>
    <auth:candidate name="Johnson, Joseph"  id="JJ0055"/>
    <auth:candidate name="Johnston, J."  id="JJ0056"/>
    <auth:candidate name="James, John"  id="JJ0057"/>
    <auth:candidate name="James, John C."  id="JJ0058"/>
    <auth:candidate name="Jarvis, John"  id="JJ0059"/>
    <auth:candidate name="Jouette, John"  id="JJ0060"/>
    <auth:candidate name="Johnston, James M."  id="JJ0061"/>
    <auth:candidate name="Johnson, John L."  id="JJ0062"/>
    <auth:candidate name="January, James B."  id="JJ0063"/>
    <auth:candidate name="Janvier, John"  id="JJ0064"/>
    <auth:candidate name="Johnson, John T."  id="JJ0065"/>
    <auth:candidate name="Jackman, John"  id="JJ0066"/>
    <auth:candidate name="Johnson, Jas."  id="JJ0067"/>
    <auth:candidate name="Johnson, James"  id="JJ0068"/>
    <auth:candidate name="Jones, J. R."  id="JJ0069"/>
    <auth:candidate name="Johnston, Joseph"  id="JJ0070"/>
    <auth:candidate name="Jackson, Jonathan"  id="JJ0071"/>
    <auth:candidate name="Johnston, Jacob"  id="JJ0072"/>
    <auth:candidate name="Johnson, Josiah S."  id="JJ0073"/>
    <auth:candidate name="Jaquith, James"  id="JJ0074"/>
    <auth:candidate name="Jewett, Jedidiah"  id="JJ0075"/>
    <auth:candidate name="Jennings, Joel"  id="JJ0076"/>
    <auth:candidate name="Johnson, Josiah"  id="JJ0077"/>
    <auth:candidate name="Johnson, John"  id="JJ0078"/>
    <auth:candidate name="Jacobs, John"  id="JJ0079"/>
    <auth:candidate name="Jamegan, John"  id="JJ0080"/>
    <auth:candidate name="Jackey, John"  id="JJ0081"/>
    <auth:candidate name="Jones, John"  id="JJ0082"/>
    <auth:candidate name="Jenkins, John J."  id="JJ0083"/>
    <auth:candidate name="Jaycocks, Jonathan"  id="JJ0084"/>
    <auth:candidate name="Johnson, James"  id="JJ0085"/>
    <auth:candidate name="Johnson, Joseph"  id="JJ0086"/>
    <auth:candidate name="Janney, James"  id="JJ0087"/>
    <auth:candidate name="Jamison, Joseph"  id="JJ0088"/>
    <auth:candidate name="Jackson, Jonah"  id="JJ0089"/>
    <auth:candidate name="James, Joseph"  id="JJ0090"/>
    <auth:candidate name="Jackerman, Joseph"  id="JJ0091"/>
    <auth:candidate name="Jordan, John"  id="JJ0092"/>
    <auth:candidate name="Jacob, Joshua"  id="JJ0093"/>
    <auth:candidate name="Jennings, Jacob"  id="JJ0094"/>
    <auth:candidate name="Johnson, James F."  id="JJ0095"/>
    <auth:candidate name="Johnston, James"  id="JJ0096"/>
    <auth:candidate name="Jones, John H.D."  id="JJ0097"/>
    <auth:candidate name="Jackson, Jonathan"  id="JJ0098"/>
    <auth:candidate name="Jones, John Coffin"  id="JJ0099"/>
    <auth:candidate name="Jones, James"  id="JJ0100"/>
    <auth:candidate name="Johnston, John"  id="JJ0101"/>
    <auth:candidate name="Jones, James"  id="JJ0102"/>
    <auth:candidate name="Johnston, James"  id="JJ0103"/>
    <auth:candidate name="Jones, James"  id="JJ0104"/>
    <auth:candidate name="Johnson, John"  id="JJ0105"/>
    <auth:candidate name="Johnson, Jesse"  id="JJ0106"/>
    <auth:candidate name="Jennings, Joshua"  id="JJ0107"/>
    <auth:candidate name="Jones, Jonathon"  id="JJ0108"/>
    <auth:candidate name="Jones, James"  id="JJ0109"/>
    <auth:candidate name="Jay, James"  id="JJ0110"/>
    <auth:candidate name="Judson, James B."  id="JJ0111"/>
    <auth:candidate name="Johnson, John"  id="JJ0112"/>
    <auth:candidate name="Jordan, James"  id="JJ0113"/>
    <auth:candidate name="Johnson, James"  id="JJ0114"/>
    <auth:candidate name="Jackson, James"  id="JJ0115"/>
    <auth:candidate name="James, John"  id="JJ0116"/>
    <auth:candidate name="Jacobson, John V.D."  id="JJ0117"/>
    <auth:candidate name="Jenison, John"  id="JJ0118"/>
    <auth:candidate name="Johnston, John"  id="JJ0119"/>
    <auth:candidate name="Jenkins, John F."  id="JJ0120"/>
    <auth:candidate name="Johnson, John"  id="JJ0121"/>
    <auth:candidate name="Jackson, John"  id="JJ0122"/>
    <auth:candidate name="Jay, John"  id="JJ0123"/>
    <auth:candidate name="Jones, James"  id="JJ0124"/>
    <auth:candidate name="Jackway, John"  id="JJ0125"/>
    <auth:candidate name="Jewell, Jonathan"  id="JJ0126"/>
    <auth:candidate name="Johnson, John"  id="JJ0127"/>
    <auth:candidate name="Jewitt, John"  id="JJ0128"/>
    <auth:candidate name="Jackson, John"  id="JJ0129"/>
    <auth:candidate name="Johnson, Jeremiah"  id="JJ0130"/>
    <auth:candidate name="Johnson, John"  id="JJ0131"/>
    <auth:candidate name="Johnson, John H."  id="JJ0132"/>
    <auth:candidate name="Johnson, John C."  id="JJ0133"/>
    <auth:candidate name="Johnson, Joshua"  id="JJ0134"/>
    <auth:candidate name="Jaycocks, John H."  id="JJ0135"/>
    <auth:candidate name="Johnson, John"  id="JJ0136"/>
    <auth:candidate name="Joice, Jonathan"  id="JJ0137"/>
    <auth:candidate name="Jones, Josiah J."  id="JJ0138"/>
    <auth:candidate name="Jackson, James"  id="JJ0139"/>
    <auth:candidate name="Jayne, John"  id="JJ0140"/>
    <auth:candidate name="Jerome, John"  id="JJ0141"/>
    <auth:candidate name="Jenkins, John P."  id="JJ0142"/>
    <auth:candidate name="Jermain, John"  id="JJ0143"/>
    <auth:candidate name="Jones, John P."  id="JJ0144"/>
    <auth:candidate name="Jansen, John T."  id="JJ0145"/>
    <auth:candidate name="Jennings, Judson"  id="JJ0146"/>
    <auth:candidate name="Jenkins, Jonathan"  id="JJ0147"/>
    <auth:candidate name="Jones, John H."  id="JJ0148"/>
    <auth:candidate name="Jansen, Joseph"  id="JJ0149"/>
    <auth:candidate name="Johnson, Jeromus"  id="JJ0150"/>
    <auth:candidate name="Jones, John Rice"  id="JJ0151"/>
    <auth:candidate name="Jordan, Joseph, Jr."  id="JJ0152"/>
    <auth:candidate name="Jordon, Joseph, Sr."  id="JJ0153"/>
    <auth:candidate name="Jordon, Joseph"  id="JJ0154"/>
    <auth:candidate name="Jordon, Josiah"  id="JJ0155"/>
    <auth:candidate name="Jones, John D."  id="JJ0156"/>
    <auth:candidate name="Johnson, John"  id="JJ0157"/>
    <auth:candidate name="Jackson, Joseph"  id="JJ0158"/>
    <auth:candidate name="Jones, John"  id="JJ0159"/>
    <auth:candidate name="Johnson, John"  id="JJ0160"/>
    <auth:candidate name="Johnston, John"  id="JJ0161"/>
    <auth:candidate name="Jackson, John"  id="JJ0162"/>
    <auth:candidate name="Jaquet, John"  id="JJ0163"/>
    <auth:candidate name="Jefferies, John"  id="JJ0164"/>
    <auth:candidate name="Jackson, Joseph J."  id="JJ0165"/>
    <auth:candidate name="Jayne, Jotham"  id="JJ0166"/>
    <auth:candidate name="Jennings, John"  id="JJ0167"/>
    <auth:candidate name="Johnston, James"  id="JJ0168"/>
    <auth:candidate name="James, John"  id="JJ0169"/>
    <auth:candidate name="Jack, John J."  id="JJ0170"/>
    <auth:candidate name="Jefferis, James, Sr."  id="JJ0171"/>
    <auth:candidate name="Jenkins, John"  id="JJ0172"/>
    <auth:candidate name="Jelly, James"  id="JJ0173"/>
    <auth:candidate name="Jackel, John"  id="JJ0174"/>
    <auth:candidate name="Jackson, John"  id="JJ0175"/>
    <auth:candidate name="James, John"  id="JJ0176"/>
    <auth:candidate name="Jeffries, James"  id="JJ0177"/>
    <auth:candidate name="Johnston, John"  id="JJ0178"/>
    <auth:candidate name="Jordan, John"  id="JJ0179"/>
    <auth:candidate name="Johnston, James"  id="JJ0180"/>
    <auth:candidate name="Jerret, John"  id="JJ0181"/>
    <auth:candidate name="John, John"  id="JJ0182"/>
    <auth:candidate name="Junkin, Joseph"  id="JJ0183"/>
    <auth:candidate name="Jones, John"  id="JJ0184"/>
    <auth:candidate name="Johnston, John"  id="JJ0185"/>
    <auth:candidate name="Jones, John"  id="JJ0186"/>
    <auth:candidate name="Jenkins, John"  id="JJ0187"/>
    <auth:candidate name="James, John"  id="JJ0188"/>
    <auth:candidate name="Jones, Joseph"  id="JJ0189"/>
    <auth:candidate name="Johnson, John"  id="JJ0190"/>
    <auth:candidate name="Johnston, John"  id="JJ0191"/>
    <auth:candidate name="John, James"  id="JJ0192"/>
    <auth:candidate name="Jones, John"  id="JJ0193"/>
    <auth:candidate name="Jackson, Joseph"  id="JJ0194"/>
    <auth:candidate name="Johnson, John, Jr."  id="JJ0195"/>
    <auth:candidate name="Jones, James"  id="JJ0196"/>
    <auth:candidate name="Johnson, Joshua"  id="JJ0197"/>
    <auth:candidate name="Jenkins, Joseph, Jr."  id="JJ0198"/>
    <auth:candidate name="Johnston, James"  id="JJ0199"/>
    <auth:candidate name="Johnson, Joshua"  id="JJ0200"/>
    <auth:candidate name="Junkin, Joseph"  id="JJ0201"/>
    <auth:candidate name="Jones, Jacob"  id="JJ0202"/>
    <auth:candidate name="Jones, John"  id="JJ0203"/>
    <auth:candidate name="James, Joseph"  id="JJ0204"/>
    <auth:candidate name="Johnston, James"  id="JJ0205"/>
    <auth:candidate name="Johnson, Jeremiah"  id="JJ0206"/>
    <auth:candidate name="Johnson, Job"  id="JJ0207"/>
    <auth:candidate name="Johnston, James"  id="JJ0208"/>
    <auth:candidate name="Jeffers, John E."  id="JJ0209"/>
    <auth:candidate name="Jewell, William D."  id="JJ0210"/>
    <auth:candidate name="Jackson, Jarel"  id="JJ0211"/>
    <auth:candidate name="Johns, Jacob"  id="JJ0212"/>
    <auth:candidate name="Jackson, Jarib"  id="JJ0213"/>
    <auth:candidate name="John, Jesse"  id="JJ0214"/>
    <auth:candidate name="Jennip, Jonathan"  id="JJ0215"/>
    <auth:candidate name="Johnson, Joshua"  id="JJ0216"/>
    <auth:candidate name="Jackson, John"  id="JJ0217"/>
<auth:candidate name="Jones, Joshua"  id="JJ0219"/>
<auth:candidate name="Jackson, Joel"  id="JJ0220"/>
<auth:candidate name="Jameson, Joseph"  id="JJ0221"/>
<auth:candidate name="Jamison, John"  id="JJ0223"/>
<auth:candidate name="Jilvis, John"  id="JJ0225"/>
<auth:candidate name="Junkin, John"  id="JJ0227"/>
<auth:candidate name="Jacoby, John"  id="JJ0228"/>
<auth:candidate name="Jones, J."  id="JJ0229"/>
<auth:candidate name="Jennings, Jonathan"  id="JJ0230"/>
<auth:candidate name="Johnston, Jacob V."  id="JJ0231"/>
<auth:candidate name="Jackson, James"  id="JJ0232"/>
<auth:candidate name="James, John"  id="JJ0233"/>
<auth:candidate name="Johnston, John"  id="JJ0235"/>
<auth:candidate name="Jadel, John"  id="JJ0236"/>
<auth:candidate name="Johnson, John"  id="JJ0237"/>
<auth:candidate name="Jenkins, Joseph"  id="JJ0239"/>
<auth:candidate name="Johnson, John"  id="JJ0240"/>
<auth:candidate name="Jones, Jonathan"  id="JJ0241"/>
<auth:candidate name="James, J."  id="JJ0242"/>
<auth:candidate name="Jones, James"  id="JJ0247"/>
<auth:candidate name="Johnston, John"  id="JJ0248"/>
<auth:candidate name="James, John D."  id="JJ0250"/>
<auth:candidate name="Jenkins, John"  id="JJ0254"/>
<auth:candidate name="James, John, Jr."  id="JJ0255"/>
<auth:candidate name="Jordon, James"  id="JJ0256"/>
<auth:candidate name="Johnson, John, Jr."  id="JJ0257"/>
<auth:candidate name="Jones, John"  id="JJ0258"/>
<auth:candidate name="Jerman, James E."  id="JJ0261"/>
<auth:candidate name="Jenkins, Joseph"  id="JJ0265"/>
<auth:candidate name="Jeter, John Speed"  id="JJ0267"/>
<auth:candidate name="Jones, John, Jr."  id="JJ0268"/>
<auth:candidate name="Jennings, J."  id="JJ0269"/>
<auth:candidate name="Jack, John F."  id="JJ0270"/>
<auth:candidate name="Jones, James G."  id="JJ0271"/>
<auth:candidate name="Jones, John"  id="JJ0272"/>
<auth:candidate name="Jones, James"  id="JJ0276"/>
<auth:candidate name="Joins, James"  id="JJ0278"/>
<auth:candidate name="Jacobs, Jonathan J."  id="JJ0284"/>
<auth:candidate name="Jones, John"  id="JJ0285"/>
<auth:candidate name="Jenkens, Jacob"  id="JJ0286"/>
<auth:candidate name="Jackson, John G."  id="JJ0287"/>
<auth:candidate name="Jarratt, John"  id="JJ0290"/>
<auth:candidate name="Jeffries, John M."  id="JJ0298"/>
<auth:candidate name="Jeter, John"  id="JJ0300"/>
<auth:candidate name="Johnson, James"  id="JJ0302"/>
<auth:candidate name="Jones, Joseph"  id="JJ0308"/>
<auth:candidate name="Jones, John"  id="JJ0309"/>
<auth:candidate name="Johnson, Joseph"  id="JJ0311"/>
<auth:candidate name="Jones, James"  id="JJ0312"/>
<auth:candidate name="Jorden, John, Jr."  id="JJ0313"/>
<auth:candidate name="Jordin, John"  id="JJ0314"/>
<auth:candidate name="Jones, John M."  id="JJ0316"/>
<auth:candidate name="Jenkins, John"  id="JJ0320"/>
<auth:candidate name="Jett, James"  id="JJ0325"/>
<auth:candidate name="Jarvis, Joseph"  id="JJ0327"/>
<auth:candidate name="Jeffries, John F. B."  id="JJ0328"/>
<auth:candidate name="Johnson, John"  id="JJ0331"/>
<auth:candidate name="Johnston, J."  id="JJ0332"/>
<auth:candidate name="Jordan, James"  id="JJ0333"/>
<auth:candidate name="Jesse, John"  id="JJ0334"/>
<auth:candidate name="Jennings, Joseph"  id="JJ0335"/>
<auth:candidate name="Jones, Jonathan"  id="JJ0336"/>
<auth:candidate name="Johnson, Joseph"  id="JJ0338"/>
<auth:candidate name="Jones, John G."  id="JJ0339"/>
<auth:candidate name="Jones, James J."  id="JJ0340"/>
<auth:candidate name="Jones, James"  id="JJ0341"/>
<auth:candidate name="Johnston, Joseph"  id="JJ0342"/>
<auth:candidate name="Johnson, Joseph"  id="JJ0343"/>
<auth:candidate name="Johnson, Joseph"  id="JJ0344"/>
<auth:candidate name="Jackson, James"  id="JJ0345"/>
<auth:candidate name="James, John"  id="JJ0346"/>
<auth:candidate name="Jenkins, Jonathan"  id="JJ0347"/>
<auth:candidate name="Janvier, John, Jun."  id="JJ0348"/>
<auth:candidate name="Jouitt, John"  id="JJ5566"/>
<auth:candidate name="Johnston, Job"  id="JJ8850"/>
<auth:candidate name="Jones, Kimbrough"  id="JK0001"/>
<auth:candidate name="Johns, Kensey"  id="JK0002"/>
<auth:candidate name="Johns, Kensey, Jr."  id="JK0003"/>
    <auth:candidate name="James, Lyman"  id="JL0000"/>
    <auth:candidate name="Jacoby, Leonard"  id="JL0001"/>
    <auth:candidate name="Jacques, Lancelot"  id="JL0002"/>
    <auth:candidate name="Janks, Lory"  id="JL0003"/>
    <auth:candidate name="Jones, Lewellen"  id="JL0004"/>
    <auth:candidate name="Jewitt, Leonard"  id="JL0005"/>
    <auth:candidate name="Jennings, Levi"  id="JL0006"/>
    <auth:candidate name="Jarvis, L."  id="JL0007"/>
    <auth:candidate name="Jackson, Levi"  id="JL0008"/>
    <auth:candidate name="Joy, Lenar"  id="JL0009"/>
    <auth:candidate name="Jenkins, Lemuel"  id="JL0010"/>
    <auth:candidate name="Jones, Leonard"  id="JL0011"/>
    <auth:candidate name="Johnson, Leonard"  id="JL0012"/>
    <auth:candidate name="Jansen, Levi"  id="JL0013"/>
    <auth:candidate name="Jones, Lynds"  id="JL0014"/>
    <auth:candidate name="Jewitt, Luther"  id="JL0015"/>
    <auth:candidate name="Jenks, Lory"  id="JL0016"/>
    
    <auth:candidate name="Jones, Michael"  id="JM0000"/>
    <auth:candidate name="Jones, Martin"  id="JM0001"/>
    <auth:candidate name="Jordan, Melatiah, Jr."  id="JM0002"/>
    <auth:candidate name="Johnson, Moses"  id="JM0003"/>
    <auth:candidate name="Jenkins, Marshal"  id="JM0004"/>
    <auth:candidate name="Jarvis, Moses"  id="JM0005"/>
<auth:candidate name="Jones, Michael"  id="JM0010"/>
<auth:candidate name="Jordan, Matthew"  id="JM0011"/>
<auth:candidate name="Jones, Morris"  id="JM0012"/>
<auth:candidate name="Joiner, Moses"  id="JM0013"/>
<auth:candidate name="Jacques, Moses, Jr."  id="JM0014"/>
<auth:candidate name="Judd, Marvin"  id="JM0017"/>
<auth:candidate name="Jones, Michael"  id="JM0018"/>
<auth:candidate name="Johnson, Michael H."  id="JM0019"/>
<auth:candidate name="Jones, Morgan"  id="JM0023"/>
<auth:candidate name="Johnston, Matthew"  id="JM0025"/>
<auth:candidate name="James, Matthew"  id="JM0027"/>
<auth:candidate name="Jones, Mathias"  id="JM0029"/>
<auth:candidate name="Jones, Meriweather"  id="JM0030"/>
<auth:candidate name="Janney, Mahlon"  id="JM0031"/>
    <auth:candidate name="Jenny, Nathan"  id="JN0000"/>
    <auth:candidate name="Jones, Nathaniel"  id="JN0001"/>
    <auth:candidate name="Jay, Nelson"  id="JN0002"/>
    <auth:candidate name="Jones, Nicholas"  id="JN0003"/>
    <auth:candidate name="Jackson, Nathan"  id="JN0004"/>
    <auth:candidate name="Jones, Nathaniel"  id="JN0005"/>
    <auth:candidate name="Jackson, Nathan"  id="JN0006"/>
    <auth:candidate name="James, Nathan"  id="JN0007"/>
    <auth:candidate name="Jones, Nathan"  id="JN0008"/>
    <auth:candidate name="Jallians, Nathaniel"  id="JN0009"/>
    <auth:candidate name="Judah, Nap"  id="JN0010"/>
    <auth:candidate name="Jones, Nathaniel"  id="JN0011"/>
    <auth:candidate name="Jakin, Noah"  id="JN0012"/>
<auth:candidate name="Johnson, Nathan"  id="JN0016"/>
<auth:candidate name="Jones, Nathan"  id="JN0018"/>
<auth:candidate name="Jourdon, Noel"  id="JN0019"/>
<auth:candidate name="Jones, Noble W."  id="JN0020"/>
    <auth:candidate name="Jones, Obadiah"  id="JO0000"/>
    <auth:candidate name="James, O."  id="JO0001"/>
    <auth:candidate name="Johnson, Oran"  id="JO0002"/>
    <auth:candidate name="Jarvis, Orman"  id="JO0003"/>
    <auth:candidate name="Johnston, Oliver"  id="JO0004"/>
    <auth:candidate name="Jennings, Obadiah"  id="JO0005"/>
    <auth:candidate name="Judd, Oliver"  id="JO0006"/>
    <auth:candidate name="John, Obiah"  id="JO0007"/>
    
    <auth:candidate name="Jones, Peter"  id="JP0000"/>
    <auth:candidate name="Johnson, Peter"  id="JP0001"/>
    <auth:candidate name="Jackson, Peter"  id="JP0002"/>
    <auth:candidate name="Jordan, Peter"  id="JP0003"/>
    <auth:candidate name="Jay, Peter A."  id="JP0004"/>
    <auth:candidate name="Jacoby, Peter"  id="JP0005"/>
    <auth:candidate name="Jones, Paul"  id="JP0006"/>
    <auth:candidate name="Jennings, Peter"  id="JP0007"/>
    <auth:candidate name="Johnson, Pipe"  id="JP0008"/>
    <auth:candidate name="Jeremiah, Poor"  id="JP0009"/>
    <auth:candidate name="Jones, Philip"  id="JP0010"/>
    <auth:candidate name="Jodon, Peter"  id="JP0011"/>
    <auth:candidate name="Jones, Paul"  id="JP0012"/>
    <auth:candidate name="Johnston, Philip"  id="JP0013"/>
<auth:candidate name="Jackson, Philip"  id="JP0014"/>
<auth:candidate name="Jack, Patrick"  id="JP0015"/>
<auth:candidate name="Jenks, Phineas"  id="JP0016"/>
<auth:candidate name="Johnson, Peter"  id="JP0017"/>
<auth:candidate name="Jones, Paul"  id="JP0022"/>
<auth:candidate name="Justus, Philip"  id="JP0023"/>
<auth:candidate name="Jarnagin, Predey B."  id="JP0025"/>
<auth:candidate name="Johnston, Peter"  id="JP0030"/>
<auth:candidate name="Jacobs, Presley"  id="JP0045"/>
<auth:candidate name="Jones, P."  id="JP0046"/>
    <auth:candidate name="Judson, Rosewell"  id="JR0000"/>
    <auth:candidate name="John, Robert"  id="JR0001"/>
    <auth:candidate name="Jarman, Richard"  id="JR0002"/>
    <auth:candidate name="Jones, Robert"  id="JR0003"/>
    <auth:candidate name="Jones, Richard T."  id="JR0004"/>
    <auth:candidate name="Johnston, Robert"  id="JR0005"/>
    <auth:candidate name="Jaques, Richard"  id="JR0006"/>
    <auth:candidate name="Johnson, Richard M."  id="JR0007"/>
    <auth:candidate name="Janes, Roger"  id="JR0008"/>
    <auth:candidate name="Johnston, Robert"  id="JR0009"/>
    <auth:candidate name="Johnston, Robert"  id="JR0010"/>
    <auth:candidate name="Jones, Richard"  id="JR0011"/>
    <auth:candidate name="Johnston, Robert"  id="JR0012"/>
    <auth:candidate name="Johnson, Robert"  id="JR0013"/>
    <auth:candidate name="Jones, Robert A."  id="JR0014"/>
    <auth:candidate name="Johnston, Robert"  id="JR0015"/>
    <auth:candidate name="Jeffries, Robert"  id="JR0016"/>
    <auth:candidate name="Johnson, Robert"  id="JR0017"/>
    <auth:candidate name="Johns, Richard"  id="JR0018"/>
    <auth:candidate name="Johnson, Robert"  id="JR0019"/>
    <auth:candidate name="Johnson, Reverdy"  id="JR0020"/>
    <auth:candidate name="Jones, Richard"  id="JR0021"/>
    <auth:candidate name="Jordon, Robert W."  id="JR0022"/>
    <auth:candidate name="Jones, Robert S."  id="JR0023"/>
    <auth:candidate name="Johnson, Robert G."  id="JR0024"/>
    <auth:candidate name="Johnson, Robert"  id="JR0025"/>
    <auth:candidate name="Jude, Richard"  id="JR0026"/>
    <auth:candidate name="Jones, Richard"  id="JR0027"/>
    <auth:candidate name="Jones, Reuben"  id="JR0028"/>
    <auth:candidate name="Jordan, Rishworth"  id="JR0029"/>
    <auth:candidate name="Johnson, Robert"  id="JR0030"/>
    <auth:candidate name="Jenkins, Robert"  id="JR0031"/>
    <auth:candidate name="Johns, Robert"  id="JR0032"/>
    <auth:candidate name="Jackson, Robert"  id="JR0033"/>
    <auth:candidate name="Jones, Robert H."  id="JR0034"/>
    <auth:candidate name="Johnson, Robert R."  id="JR0035"/>
    <auth:candidate name="Johnstone, Robert"  id="JR0036"/>
    <auth:candidate name="Johnstone, Robert"  id="JR0037"/>
    <auth:candidate name="Jones, Rueben P."  id="JR0038"/>
    <auth:candidate name="Johnston, Robert"  id="JR0039"/>
    <auth:candidate name="Johnson, Robert, Sr."  id="JR0040"/>
    <auth:candidate name="Jeeter, Robert"  id="JR0041"/>
    <auth:candidate name="Jenkins, Robert"  id="JR0042"/>
    <auth:candidate name="Jenkins, Robert"  id="JR0043"/>
    <auth:candidate name="Jones, Richard R."  id="JR0044"/>
    <auth:candidate name="Johnson, Robert"  id="JR0045"/>
    <auth:candidate name="Jetton, Robert"  id="JR0046"/>
    <auth:candidate name="Jacobs, Richard T."  id="JR0047"/>
<auth:candidate name="Johnston, Robert"  id="JR0051"/>
<auth:candidate name="Jackson, Richard, Jr."  id="JR0052"/>
<auth:candidate name="Jones, Richard"  id="JR0056"/>
<auth:candidate name="Jenkins, Richard"  id="JR0057"/>
<auth:candidate name="Johnson, Richard"  id="JR0059"/>
<auth:candidate name="Johnson, Robert G."  id="JR0060"/>
<auth:candidate name="Jackson, Robert"  id="JR0061"/>
<auth:candidate name="Jarmon, Robert"  id="JR0062"/>
<auth:candidate name="Jetter, Robert"  id="JR0063"/>
<auth:candidate name="Jamieson, Robert"  id="JR0064"/>
<auth:candidate name="Jones, Robert"  id="JR0066"/>
<auth:candidate name="Jones, Richard"  id="JR0069"/>
<auth:candidate name="Johnson, Reuben"  id="JR0070"/>
<auth:candidate name="Jeter, Rodophil"  id="JR0074"/>
<auth:candidate name="Johnston, Reuben"  id="JR0075"/>
<auth:candidate name="Jones, Roger A."  id="JR0077"/>
<auth:candidate name="Jamison, Robert"  id="JR0078"/>
<auth:candidate name="Jarvis, R."  id="JR0079"/>
<auth:candidate name="Jones, Richard"  id="JR0080"/>
<auth:candidate name="Johnson, Robert"  id="JR0100"/>
    <auth:candidate name="Johnson, Samuel W."  id="JS0000"/>
    <auth:candidate name="Jones, Solomon"  id="JS0001"/>
    <auth:candidate name="Jacelyn, Samuel"  id="JS0002"/>
    <auth:candidate name="Johnston, Samuel"  id="JS0003"/>
    <auth:candidate name="Jeffries, Slaton"  id="JS0004"/>
    <auth:candidate name="Jarvis, Samuel"  id="JS0005"/>
    <auth:candidate name="Jackson, Samuel"  id="JS0006"/>
    <auth:candidate name="Jaurdon, Samuel"  id="JS0007"/>
    <auth:candidate name="Jackson, Samuel, Jr."  id="JS0008"/>
    <auth:candidate name="Jordan, Sanderson"  id="JS0009"/>
    <auth:candidate name="John, Samuel"  id="JS0010"/>
    <auth:candidate name="James, Samuel B."  id="JS0011"/>
    <auth:candidate name="Jettson, Samuel T."  id="JS0012"/>
    <auth:candidate name="Johnnes, Sebastion"  id="JS0013"/>
    <auth:candidate name="Jones, Seaborn"  id="JS0014"/>
    <auth:candidate name="Johnson, Solomon"  id="JS0015"/>
    <auth:candidate name="Judd, Solomon"  id="JS0016"/>
    <auth:candidate name="Jumal, Stephen"  id="JS0017"/>
    <auth:candidate name="Jackson, Stephen"  id="JS0018"/>
    <auth:candidate name="Judd, Stephen"  id="JS0019"/>
    <auth:candidate name="Jennings, Stephen"  id="JS0020"/>
    <auth:candidate name="Johnson, Stephen W."  id="JS0021"/>
    <auth:candidate name="Jones, Seaborn"  id="JS0022"/>
    <auth:candidate name="Jones, Stephen S."  id="JS0023"/>
    <auth:candidate name="Johns, Stephen S."  id="JS0024"/>
    <auth:candidate name="Jewell, Samuel"  id="JS0025"/>
    <auth:candidate name="Jones, Samuel F."  id="JS0026"/>
    <auth:candidate name="Jay, Samuel"  id="JS0027"/>
    <auth:candidate name="Jones, Samuel"  id="JS0028"/>
    <auth:candidate name="Jenkins, Seth"  id="JS0029"/>
    <auth:candidate name="Jones, Samuel W."  id="JS0030"/>
    <auth:candidate name="Judah, Samuel B.H."  id="JS0031"/>
    <auth:candidate name="Judd, Stephen"  id="JS0032"/>
    <auth:candidate name="Jackson, Silas"  id="JS0033"/>
    <auth:candidate name="Jordan, Samuel"  id="JS0034"/>
    <auth:candidate name="Jones, Salmon"  id="JS0035"/>
    <auth:candidate name="Jackson, Samuel"  id="JS0036"/>
    <auth:candidate name="Jones, Samuel P."  id="JS0037"/>
    <auth:candidate name="James, Samuel L."  id="JS0038"/>
    <auth:candidate name="Johnson, Samuel"  id="JS0039"/>
    <auth:candidate name="Jewett, Samuel"  id="JS0040"/>
<auth:candidate name="Jones, Samuel"  id="JS0042"/>
<auth:candidate name="Johnson, Samuel"  id="JS0043"/>
<auth:candidate name="James, Samuel L."  id="JS0045"/>
<auth:candidate name="Jones, Samuel"  id="JS0049"/>
<auth:candidate name="Jarnigan, Spencer"  id="JS0058"/>
<auth:candidate name="Jackson, Samuel"  id="JS0059"/>
<auth:candidate name="Johnson, Samuel"  id="JS0064"/>
<auth:candidate name="Jordan, Seth"  id="JS0066"/>
<auth:candidate name="Jones, Seth"  id="JS0067"/>
<auth:candidate name="Johnson, S."  id="JS0068"/>
<auth:candidate name="Jones, Samuel"  id="JS0069"/>
<auth:candidate name="Jones, Samuel"  id="JS0070"/>
<auth:candidate name="Jones, Samuel C."  id="JS0071"/>
<auth:candidate name="Jaqua, Simon"  id="JS0072"/>
<auth:candidate name="Johnson, Sterling"  id="JS0073"/>
<auth:candidate name="Johnston, Sterling"  id="JS0074"/>
<auth:candidate name="Jackson, Samuel"  id="JS0075"/>
<auth:candidate name="Johnston, Samuel"  id="JS0076"/>
<auth:candidate name="Jones, Samuel"  id="JS0077"/>
<auth:candidate name="Johnson, Samuel"  id="JS0079"/>
<auth:candidate name="Jones, Samuel"  id="JS0081"/>
<auth:candidate name="Jones, Spicer"  id="JS0082"/>
<auth:candidate name="Jordan, Samuel"  id="JS0088"/>
<auth:candidate name="Jameson, Samuel"  id="JS0090"/>
<auth:candidate name="Johnston, Samuel"  id="JS0091"/>
<auth:candidate name="Johnson, Stephen"  id="JS0092"/>
<auth:candidate name="James, Samuel"  id="JS0093"/>
<auth:candidate name="Jackson, Sirus"  id="JS0094"/>
<auth:candidate name="Jones, Samuel"  id="JS0098"/>
<auth:candidate name="Jacob, Stephen"  id="JS0099"/>
<auth:candidate name="Johnston, Samuel"  id="JS0106"/>
<auth:candidate name="Jones, Scervant"  id="JS0107"/>
    <auth:candidate name="Judge, Thomas L."  id="JT0000"/>
    <auth:candidate name="Johnson, Thomas"  id="JT0001"/>
    <auth:candidate name="Jones, Thomas"  id="JT0002"/>
    <auth:candidate name="Jones, Thomas"  id="JT0003"/>
    <auth:candidate name="Jordan, Thomas"  id="JT0004"/>
    <auth:candidate name="Joyes, Thomas"  id="JT0005"/>
    <auth:candidate name="Jameson, T."  id="JT0006"/>
    <auth:candidate name="Johnston, Thomas"  id="JT0007"/>
    <auth:candidate name="Johnson, Thomas"  id="JT0008"/>
    <auth:candidate name="Johnson, Thomas"  id="JT0009"/>
    <auth:candidate name="Jones, Thomas"  id="JT0010"/>
    <auth:candidate name="Jeffery, Thomas"  id="JT0011"/>
    <auth:candidate name="Jefferson, Thomas"  id="JT0012"/>
    <auth:candidate name="Johnson, Thomas, Jr."  id="JT0013"/>
    <auth:candidate name="Jennings, Thomas"  id="JT0014"/>
    <auth:candidate name="Jenkins, Thomas C."  id="JT0015"/>
    <auth:candidate name="Jones, Thomas"  id="JT0016"/>
    <auth:candidate name="Johnston, Thomas"  id="JT0017"/>
    <auth:candidate name="Jay, Thomas"  id="JT0018"/>
    <auth:candidate name="Johnson, Thomas, Sr."  id="JT0019"/>
    <auth:candidate name="Johnson, Thomas"  id="JT0020"/>
    <auth:candidate name="James, Tudor"  id="JT0021"/>
    <auth:candidate name="James, Thomas"  id="JT0022"/>
    <auth:candidate name="Jones, Thomas"  id="JT0023"/>
    <auth:candidate name="Johnston, Thomas"  id="JT0024"/>
    <auth:candidate name="Jackson, Timothy"  id="JT0025"/>
    <auth:candidate name="Jenness, Thomas"  id="JT0026"/>
    <auth:candidate name="Jenkins, Thomas"  id="JT0027"/>
    <auth:candidate name="Jones, T."  id="JT0028"/>
    <auth:candidate name="Jenkins, Turner"  id="JT0029"/>
    <auth:candidate name="Johnson, Thomas"  id="JT0030"/>
    <auth:candidate name="Jones, Thomas G."  id="JT0031"/>
    <auth:candidate name="Johnson, Thomas"  id="JT0032"/>
    <auth:candidate name="Johnson, Thomas E."  id="JT0033"/>
    <auth:candidate name="Johnson, Thomas P."  id="JT0034"/>
    <auth:candidate name="Jenks, Thomas"  id="JT0035"/>
    <auth:candidate name="Jones, Terah"  id="JT0036"/>
    <auth:candidate name="Johnston, Thomas"  id="JT0037"/>
    <auth:candidate name="John, Thomas"  id="JT0038"/>
    <auth:candidate name="Jordan, Tristram"  id="JT0039"/>
    <auth:candidate name="Johnston, Thomas"  id="JT0040"/>
    <auth:candidate name="Jones, Thomas"  id="JT0041"/>
    <auth:candidate name="Johnson, Thomas"  id="JT0042"/>
    <auth:candidate name="Jefferson, Thomas"  id="JT0043"/>
    <auth:candidate name="Jones, Thomas"  id="JT0044"/>
    <auth:candidate name="Jarmes, Thomas"  id="JT0045"/>
    <auth:candidate name="Johnston, Thomas"  id="JT0046"/>
    <auth:candidate name="Jones, Thomas"  id="JT0047"/>
    <auth:candidate name="Jordan, Thomas"  id="JT0048"/>
    <auth:candidate name="Jerome, Timothy"  id="JT0049"/>
    <auth:candidate name="Jefferson, Thomas"  id="JT0050"/>
    <auth:candidate name="Jefferson, Tom"  id="JT0051"/>
    <auth:candidate name="Jerolman, Tunis"  id="JT0052"/>
    <auth:candidate name="Jewett, Thaddeus"  id="JT0053"/>
    <auth:candidate name="Jameson, Thomas"  id="JT0054"/>
    <auth:candidate name="Joy, Thaddeus"  id="JT0055"/>
    <auth:candidate name="Johnston, Thomas"  id="JT0056"/>
    <auth:candidate name="Jones, Thomas"  id="JT0057"/>
    <auth:candidate name="Joell, Thomas"  id="JT0058"/>
    <auth:candidate name="Jefferson, T."  id="JT0059"/>
    <auth:candidate name="Johnson, Thomas"  id="JT0060"/>
    <auth:candidate name="Jones, Timothy W."  id="JT0061"/>
    <auth:candidate name="Jones, Thomas"  id="JT0062"/>
    <auth:candidate name="James, Thomas"  id="JT0063"/>
    <auth:candidate name="Johnson, Thomas"  id="JT0064"/>
    <auth:candidate name="Jones, Thomas"  id="JT0065"/>
    <auth:candidate name="Jefferson, Thomas"  id="JT0066"/>
    <auth:candidate name="Jones, Thomas, Jr."  id="JT0067"/>
    <auth:candidate name="Joynes, Thomas R."  id="JT0068"/>
    <auth:candidate name="Jones, Thomas, Sr."  id="JT0069"/>
    <auth:candidate name="Jacobs, Thomas"  id="JT0070"/>
    <auth:candidate name="Jefferson, Thomas"  id="JT0071"/>
    <auth:candidate name="James, Thomas"  id="JT0072"/>
    <auth:candidate name="James, Thomas, Jr."  id="JT0073"/>
    <auth:candidate name="Jefferson, Thomas"  id="JT0074"/>
    <auth:candidate name="Jacobs, Thomas H.B."  id="JT0075"/>
    <auth:candidate name="Jones, Thomas"  id="JT0076"/>
    <auth:candidate name="Janvier, Thomas"  id="JT0077"/>
    <auth:candidate name="Jackson, Thomas"  id="JT0078"/>
    <auth:candidate name="Jefferson, Thomas"  id="JT0079"/>
    
    <auth:candidate name="Jackson, William"  id="JW0000"/>
    <auth:candidate name="Jones, William"  id="JW0001"/>
    <auth:candidate name="Jones, William"  id="JW0002"/>
    <auth:candidate name="Jolley, William"  id="JW0003"/>
    <auth:candidate name="Jeffers, William N."  id="JW0004"/>
    <auth:candidate name="Jackson, William"  id="JW0005"/>
    <auth:candidate name="Johnston, William"  id="JW0006"/>
    <auth:candidate name="Johnson, W., Jr."  id="JW0007"/>
    <auth:candidate name="Jones, William"  id="JW0008"/>
    <auth:candidate name="Johnston, William"  id="JW0009"/>
    <auth:candidate name="Jones, William"  id="JW0010"/>
    <auth:candidate name="Johnston, W."  id="JW0011"/>
    <auth:candidate name="James, William"  id="JW0012"/>
    <auth:candidate name="Jones, William"  id="JW0013"/>
    <auth:candidate name="Johnson, William G."  id="JW0014"/>
    <auth:candidate name="James, William"  id="JW0015"/>
    <auth:candidate name="Jackson, William John"  id="JW0016"/>
    <auth:candidate name="Jump, W. S."  id="JW0017"/>
    <auth:candidate name="Jessop, William"  id="JW0018"/>
    <auth:candidate name="James, William"  id="JW0019"/>
    <auth:candidate name="Jackson, William"  id="JW0020"/>
    <auth:candidate name="Jones, William"  id="JW0021"/>
    <auth:candidate name="Johnson, William F."  id="JW0022"/>
    <auth:candidate name="Jackson, William Hall"  id="JW0023"/>
    <auth:candidate name="Jamison, William"  id="JW0024"/>
    <auth:candidate name="Jernigan, William"  id="JW0025"/>
    <auth:candidate name="Jernigan, William, Jr."  id="JW0026"/>
    <auth:candidate name="Jarvis, William"  id="JW0027"/>
    <auth:candidate name="Jenkins, Weston"  id="JW0028"/>
    <auth:candidate name="Jarvis, William C."  id="JW0029"/>
    <auth:candidate name="Jones, William"  id="JW0030"/>
    <auth:candidate name="Jackson, William"  id="JW0031"/>
    <auth:candidate name="Jones, William"  id="JW0032"/>
    <auth:candidate name="Johnson, William"  id="JW0033"/>
    <auth:candidate name="Jones, William C."  id="JW0034"/>
    <auth:candidate name="Jones, William"  id="JW0035"/>
    <auth:candidate name="Johnson, William H."  id="JW0036"/>
    <auth:candidate name="Johnson, Wakeman"  id="JW0037"/>
    <auth:candidate name="Jewel, Whitney"  id="JW0038"/>
    <auth:candidate name="Johnson, William"  id="JW0039"/>
    <auth:candidate name="Jenkins, William"  id="JW0040"/>
    <auth:candidate name="Jadwin, William"  id="JW0041"/>
    <auth:candidate name="Jackson, William"  id="JW0042"/>
    <auth:candidate name="Jones, Willie"  id="JW0043"/>
    <auth:candidate name="Johnson, William"  id="JW0044"/>
    <auth:candidate name="Jay, William"  id="JW0045"/>
    <auth:candidate name="Johnson, William"  id="JW0046"/>
    <auth:candidate name="Johnson, William R."  id="JW0047"/>
    <auth:candidate name="James, William"  id="JW0048"/>
    <auth:candidate name="Johnson, William"  id="JW0049"/>
    <auth:candidate name="Jones, William"  id="JW0050"/>
    <auth:candidate name="James, William"  id="JW0051"/>
    <auth:candidate name="Jackson, William"  id="JW0052"/>
    <auth:candidate name="James, William"  id="JW0053"/>
    <auth:candidate name="Jones, William"  id="JW0054"/>
    <auth:candidate name="Johnston, William"  id="JW0055"/>
    <auth:candidate name="Jones, William B."  id="JW0056"/>
    <auth:candidate name="Johnston, William"  id="JW0057"/>
    <auth:candidate name="Jones, William"  id="JW0058"/>
    <auth:candidate name="Jackson, William"  id="JW0059"/>
    <auth:candidate name="Jones, William W."  id="JW0060"/>
    <auth:candidate name="Jones, William G."  id="JW0061"/>
    <auth:candidate name="Jarvis, William"  id="JW0062"/>
<auth:candidate name="Jackson, William"  id="JW0063"/>
<auth:candidate name="Jones, William D."  id="JW0064"/>
<auth:candidate name="Jones, William"  id="JW0065"/>
    <auth:candidate name="Johnston, William"  id="JW0066"/>
    <auth:candidate name="Johnston, William"  id="JW0067"/>
<auth:candidate name="Johnson, William"  id="JW0069"/>
<auth:candidate name="Johnston, William"  id="JW0073"/>
<auth:candidate name="Johnson, William"  id="JW0075"/>
<auth:candidate name="Johnson, William"  id="JW0080"/>
<auth:candidate name="Jameson, William"  id="JW0081"/>
<auth:candidate name="Jones, William"  id="JW0085"/>
<auth:candidate name="Jones, W. W."  id="JW0086"/>
    <auth:candidate name="Jones, William"  id="JW0087"/>
    <auth:candidate name="Johnston, William"  id="JW0088"/>
<auth:candidate name="Johnson, William, Jr."  id="JW0093"/>
<auth:candidate name="Johnston, William"  id="JW0094"/>
<auth:candidate name="Joor, William"  id="JW0095"/>
<auth:candidate name="Joyner, William"  id="JW0096"/>
<auth:candidate name="Johnson, William"  id="JW0097"/>
<auth:candidate name="Jones, William"  id="JW0098"/>
<auth:candidate name="Jones, Willis"  id="JW0099"/>
<auth:candidate name="Jones, Walter"  id="JW0100"/>
<auth:candidate name="James, William"  id="JW0101"/>
<auth:candidate name="Johnson, William"  id="JW0102"/>
<auth:candidate name="Jones, William"  id="JW0108"/>
<auth:candidate name="John, William"  id="JW0111"/>
<auth:candidate name="Jones, W. W."  id="JW0113"/>
<auth:candidate name="Jett, William"  id="JW0115"/>
<auth:candidate name="Johnson, William R."  id="JW0116"/>
<auth:candidate name="Jones, William"  id="JW0117"/>
<auth:candidate name="Jessee, William"  id="JW0118"/>
<auth:candidate name="Jones, William"  id="JW0119"/>
<auth:candidate name="Jones, William, Jr."  id="JW0122"/>
<auth:candidate name="Jackson, William L."  id="JW0123"/>
<auth:candidate name="Johnson, William"  id="JW0124"/>
<auth:candidate name="Jackson, William B."  id="JW0125"/>
<auth:candidate name="Jackson, Willey"  id="JW0126"/>
<auth:candidate name="Johnson, William"  id="JW0127"/>
<auth:candidate name="Johnson, W."  id="JW0128"/>
<auth:candidate name="Johnson, William"  id="JW0129"/>
<auth:candidate name="Jones, William"  id="JW0130"/>
<auth:candidate name="Jourdan, Warren"  id="JW0131"/>
    <auth:candidate name="Jacob, Zachariah"  id="JZ0000"/>
    <auth:candidate name="Johnston, Zachariah"  id="JZ0001"/>
    <auth:candidate name="Johnson, Zepheniah"  id="JZ0002"/>
</names-authority-list>