<?xml version="1.0" encoding="UTF-8"?> <names-authority-list xmlns:auth="http://dca.tufts.edu/aas/auth" xmlns:xref="http://dca/tufts.edu/aas/xref">

    <auth:candidate name="Naudain, Andrew"  id="NA0000"/>
    <auth:candidate name="Newman, Abraham"  id="NA0001"/>
    <auth:candidate name="Neale, Abner"  id="NA0002"/>
    <auth:candidate name="Nawgle, Anthony"  id="NA0003"/>
    <auth:candidate name="Naudain, Arnold"  id="NA0004"/>
    <auth:candidate name="Naudain, Arnold S."  id="NA0005"/>
    <auth:candidate name="Newell, Amos"  id="NA0006"/>
    <auth:candidate name="Noyes, Amos, Jr."  id="NA0007"/>
    <auth:candidate name="Norton, Asa"  id="NA0008"/>
    <auth:candidate name="New, Anthony"  id="NA0009"/>
    <auth:candidate name="Nichols, Andrew"  id="NA0010"/>
    <auth:candidate name="Noble, Arthur"  id="NA0011"/>
    <auth:candidate name="Neal, Abner"  id="NA0012"/>
    <auth:candidate name="Neill, Alexander"  id="NA0013"/>
    <auth:candidate name="Norris, Alexander"  id="NA0014"/>
    <auth:candidate name="Nelson, Alexander M."  id="NA0015"/>
    <auth:candidate name="Nelson, Asa"  id="NA0016"/>
    <auth:candidate name="Northam, Asa"  id="NA0017"/>
    <auth:candidate name="Neet, A."  id="NA0018"/>
    <auth:candidate name="Nobles, Anda"  id="NA0019"/>
    <auth:candidate name="Neil, Andrew"  id="NA0020"/>
    <auth:candidate name="Newts, Andrew"  id="NA0021"/>
    <auth:candidate name="Nickols, Amos"  id="NA0022"/>
    <auth:candidate name="Niell, Alexander"  id="NA0023"/>
    <auth:candidate name="Newall, A. T."  id="NA0024"/>
    <auth:candidate name="Northey, Abijah, Jr."  id="NA0025"/>
    <auth:candidate name="Newell, Allen"  id="NA0026"/>
    <auth:candidate name="Neely, Alexander"  id="NA0027"/>
    <auth:candidate name="Neely, Abraham"  id="NA0028"/>
    <auth:candidate name="Noble, Archibald"  id="NA0029"/>
    <auth:candidate name="Nelson, Arnold"  id="NA0030"/>
    <auth:candidate name="North, Abijah"  id="NA0031"/>
    <auth:candidate name="Norton, Alson"  id="NA0032"/>
    <auth:candidate name="Norton, Aaron"  id="NA0033"/>
    <auth:candidate name="Nelson, Andrew"  id="NA0034"/>
    <auth:candidate name="Norney, Andrew"  id="NA0035"/>
    <auth:candidate name="Newhardt, Adam"  id="NA0036"/>
    <auth:candidate name="Nilson, Andrew"  id="NA0037"/>
    <auth:candidate name="Nawgle, Anthony"  id="NA0038"/>
    <auth:candidate name="Newell, Asa"  id="NA0039"/>
    <auth:candidate name="Neidhigh, Adam"  id="NA0040"/>
    <auth:candidate name="Nott, Abraham"  id="NA0041"/>
    <auth:candidate name="Newcomb, Asahel"  id="NA0042"/>
    <auth:candidate name="North, Asa"  id="NA0043"/>
    <auth:candidate name="Nimmons, Andrew"  id="NA0044"/>
    <auth:candidate name="Nichols, Andries"  id="NA0045"/>
    <auth:candidate name="Northum, Asa"  id="NA0046"/>
    <auth:candidate name="Nowland, Amos"  id="NA0047"/>
    <auth:candidate name="Nelson, Anthony"  id="NA0048"/>
<auth:candidate name="Neff, A."  id="NA0050"/>
<auth:candidate name="Newall, Amos"  id="NA0053"/>
    <auth:candidate name="Netherland, B."  id="NB0000"/>
    <auth:candidate name="Nixon, Benjamin"  id="NB0001"/>
    <auth:candidate name="Naglee, Benjamin"  id="NB0002"/>
    <auth:candidate name="Nicholson, Barker C."  id="NB0003"/>
    <auth:candidate name="Nourse, Benjamin"  id="NB0004"/>
    <auth:candidate name="North, B."  id="NB0005"/>
    <auth:candidate name="Newbury, Benjamin"  id="NB0006"/>
    <auth:candidate name="Nigley, Brewter"  id="NB0007"/>
    <auth:candidate name="Norton, Beriah"  id="NB0008"/>
    <auth:candidate name="Newcombe, Bayse"  id="NB0009"/>
    <auth:candidate name="Newcomb, B."  id="NB0010"/>
    
    <auth:candidate name="Nutter, Charles"  id="NC0000"/>
    <auth:candidate name="Newbold, Caleb"  id="NC0001"/>
    <auth:candidate name="Newkirk, Charles"  id="NC0002"/>
    <auth:candidate name="Nicholson, Charles R."  id="NC0003"/>
    <auth:candidate name="Nelson, C. J."  id="NC0004"/>
    <auth:candidate name="Newcomer, Christian"  id="NC0005"/>
    <auth:candidate name="Newbold, Caleb"  id="NC0006"/>
    <auth:candidate name="Noble, Cyrenus"  id="NC0007"/>
    <auth:candidate name="Newbold, Caleb"  id="NC0008"/>
    <auth:candidate name="Newcomer, C., Jr."  id="NC0009"/>
    <auth:candidate name="Norwood, Caleb, Jr."  id="NC0010"/>
    <auth:candidate name="Newbold, Caleb"  id="NC0011"/>
    <auth:candidate name="North, Caleb"  id="NC0012"/>
    <auth:candidate name="Nice, Ch."  id="NC0013"/>
    <auth:candidate name="Nellis, Christian"  id="NC0014"/>
    <auth:candidate name="Nichols, Caleb"  id="NC0015"/>
    <auth:candidate name="North, Caleb"  id="NC0016"/>
    <auth:candidate name="Nye, Chester"  id="NC0017"/>
<auth:candidate name="Nicholson, Charles"  id="NC0020"/>
<auth:candidate name="Norton, Charles M."  id="NC0021"/>
<auth:candidate name="Nafe, Charles"  id="NC0022"/>
<auth:candidate name="Newlin, Cyrus"  id="NC0023"/>
    <auth:candidate name="Newman, Daniel"  id="ND0000"/>
    <auth:candidate name="Newbury, David"  id="ND0001"/>
    <auth:candidate name="Neff, Daniel, Senior"  id="ND0002"/>
    <auth:candidate name="Newcomer, David"  id="ND0003"/>
    <auth:candidate name="Nye, David"  id="ND0004"/>
    <auth:candidate name="Nauron, Daniel"  id="ND0005"/>
    <auth:candidate name="Ninose, Daniel"  id="ND0006"/>
    <auth:candidate name="Neal, Daniel"  id="ND0007"/>
    <auth:candidate name="Newell, Daniel"  id="ND0008"/>
    <auth:candidate name="Northrop, Daniel"  id="ND0009"/>
    <auth:candidate name="Norton, David"  id="ND0010"/>
    <auth:candidate name="Nash, Daniel"  id="ND0011"/>
    <auth:candidate name="Newcomb, Daniel"  id="ND0012"/>
    <auth:candidate name="Nichols, David"  id="ND0013"/>
    <auth:candidate name="Newhart, Daniel"  id="ND0014"/>
    <auth:candidate name="Newingham, David"  id="ND0015"/>
    <auth:candidate name="Noble, Daniel"  id="ND0016"/>
    <auth:candidate name="Norton, Daniel"  id="ND0017"/>
<auth:candidate name="Newcomb, Daniel"  id="ND0018"/>
<auth:candidate name="Nivin, David"  id="ND0019"/>
<auth:candidate name="Newbury, Daniel"  id="ND0020"/>
<auth:candidate name="Newbold, Daniel"  id="ND0024"/>
<auth:candidate name="Norton, Daniel S."  id="ND0028"/>
<auth:candidate name="Nelson, David"  id="ND0029"/>
<auth:candidate name="Newsum, David"  id="ND0030"/>
<auth:candidate name="Nutter, David"  id="ND0031"/>
<auth:candidate name="Nivin, David"  id="ND0032"/>
    <auth:candidate name="Naudain, Elias"  id="NE0000"/>
    <auth:candidate name="Nye, Ebenezer"  id="NE0001"/>
    <auth:candidate name="Norcross, Elyah"  id="NE0002"/>
    <auth:candidate name="Newton, Ebenezer"  id="NE0003"/>
    <auth:candidate name="Nobles, Elnathan"  id="NE0004"/>
    <auth:candidate name="Nexson, Elias"  id="NE0005"/>
    <auth:candidate name="Newby, Exum"  id="NE0006"/>
    <auth:candidate name="Newman, Elias"  id="NE0007"/>
    <auth:candidate name="Nathan, Ebenezer"  id="NE0008"/>
    <auth:candidate name="Newman, Eli"  id="NE0009"/>
    <auth:candidate name="Norton, Ebenezer F."  id="NE0010"/>
    <auth:candidate name="Northam, Eli"  id="NE0011"/>
    <auth:candidate name="North, Edward"  id="NE0012"/>
    <auth:candidate name="Nye, Elias"  id="NE0013"/>
    <auth:candidate name="Nichols, Edwin"  id="NE0014"/>
    <auth:candidate name="Noel, Edwin"  id="NE0015"/>
    <auth:candidate name="Naudain, E."  id="NE0016"/>
    <auth:candidate name="Night, Elijah"  id="NE0017"/>
    <auth:candidate name="Nash, Elisha"  id="NE0018"/>
    <auth:candidate name="Nicklson, Enos"  id="NE0019"/>
    <auth:candidate name="Nickle, Ezekial"  id="NE0020"/>
    <auth:candidate name="Nott, Eliphalet"  id="NE0021"/>
    <auth:candidate name="Nobles, Enoch"  id="NE0022"/>
    <auth:candidate name="Nash, Ezra"  id="NE0023"/>
    
    <auth:candidate name="Nance, Frederick"  id="NF0000"/>
    <auth:candidate name="Notrebe, Frederick"  id="NF0001"/>
    <auth:candidate name="Nash, Francis"  id="NF0002"/>
    <auth:candidate name="Nicoll, Francis"  id="NF0003"/>
    <auth:candidate name="Neale, Francis"  id="NF0004"/>
    <auth:candidate name="Newby, Frances"  id="NF0005"/>
    <auth:candidate name="Nash, Frederick"  id="NF0006"/>
    <auth:candidate name="Norcum, Frederick"  id="NF0007"/>
    <auth:candidate name="Navarre, Francois"  id="NF0008"/>
    <auth:candidate name="Neff, Frederick"  id="NF0009"/>
    <auth:candidate name="Nixon, Francis"  id="NF0010"/>
    <auth:candidate name="Nichols, Francis B."  id="NF0011"/>
    <auth:candidate name="Nance, Ferdinand"  id="NF0012"/>
    
    <auth:candidate name="Nailor, George"  id="NG0000"/>
    <auth:candidate name="Nolan, George G."  id="NG0001"/>
    <auth:candidate name="Nace, George"  id="NG0002"/>
    <auth:candidate name="Nicholson, George"  id="NG0003"/>
    <auth:candidate name="Neal, George"  id="NG0004"/>
    <auth:candidate name="Nabb, George W."  id="NG0005"/>
    <auth:candidate name="Norse, Gabriel"  id="NG0006"/>
    <auth:candidate name="Newell, Gabriel"  id="NG0007"/>
    <auth:candidate name="Newkirk, Garret M."  id="NG0008"/>
    <auth:candidate name="North, Gabriel"  id="NG0009"/>
    <auth:candidate name="Niles, Gardner"  id="NG0010"/>
    <auth:candidate name="Nicholas, Gavin L."  id="NG0011"/>
    <auth:candidate name="Needham, Gordon"  id="NG0012"/>
    <auth:candidate name="Newell, Graham"  id="NG0013"/>
    <auth:candidate name="Nellis, George H."  id="NG0014"/>
    <auth:candidate name="Newcom, George"  id="NG0015"/>
    <auth:candidate name="Nichols, George"  id="NG0016"/>
    <auth:candidate name="Niles, George W."  id="NG0017"/>
    <auth:candidate name="Newton, Goss"  id="NG0018"/>
    <auth:candidate name="Nicholson, George"  id="NG0019"/>
    <auth:candidate name="Nashee, George"  id="NG0020"/>
    <auth:candidate name="Nebinger, George"  id="NG0021"/>
    <auth:candidate name="Nixon, George"  id="NG0022"/>
    <auth:candidate name="Nyce, George"  id="NG0023"/>
    <auth:candidate name="Ney, George"  id="NG0024"/>
    <auth:candidate name="Nauman, Gotlieb"  id="NG0025"/>
    <auth:candidate name="Nigh, George"  id="NG0026"/>
    <auth:candidate name="Niles, Gurdon"  id="NG0027"/>
    <auth:candidate name="Nauman, George"  id="NG0028"/>
    <auth:candidate name="Nice, George"  id="NG0029"/>
    <auth:candidate name="Noble, George W."  id="NG0030"/>
    <auth:candidate name="Newell, Gordon"  id="NG0031"/>
    <auth:candidate name="Nace, George"  id="NG0032"/>
    <auth:candidate name="Newkirk, Garret"  id="NG0033"/>
<auth:candidate name="Nagle, George"  id="NG0038"/>
<auth:candidate name="Norvell, George"  id="NG0040"/>
<auth:candidate name="North, George"  id="NG0041"/>
<auth:candidate name="Nicholson, George"  id="NG0042"/>
<auth:candidate name="Newton, George"  id="NG0043"/>
<auth:candidate name="Newkirk, George"  id="NG0046"/>
<auth:candidate name="Newbell, George"  id="NG0047"/>
<auth:candidate name="Newman, George"  id="NG0048"/>
<auth:candidate name="Nickerson, George"  id="NG0049"/>
    <auth:candidate name="Nichols, H.C."  id="NH0000"/>
    <auth:candidate name="Northcut, H."  id="NH0001"/>
    <auth:candidate name="Neale, Henry"  id="NH0002"/>
    <auth:candidate name="Norman, H."  id="NH0003"/>
    <auth:candidate name="Nuwall, Hezekiah"  id="NH0004"/>
    <auth:candidate name="Niles, Hezekiah"  id="NH0005"/>
    <auth:candidate name="Newcomb, Hezekiah, Jr."  id="NH0006"/>
    <auth:candidate name="Norris, Hezekiah"  id="NH0007"/>
    <auth:candidate name="Newton, Heman"  id="NH0008"/>
    <auth:candidate name="Nichols, Henry"  id="NH0009"/>
    <auth:candidate name="Norton, Heman"  id="NH0010"/>
    <auth:candidate name="Nes, Henry"  id="NH0011"/>
<auth:candidate name="Nelson, Hosea"  id="NH0023"/>
<auth:candidate name="Norbury, Heath"  id="NH0026"/>
<auth:candidate name="Nixon, Henry G."  id="NH0029"/>
<auth:candidate name="Nichols, Harris"  id="NH0031"/>
<auth:candidate name="Nelson, Hugh"  id="NH0032"/>
<auth:candidate name="Nicholson, Henry"  id="NH0039"/>
    <auth:candidate name="Nichols, Israel"  id="NI0000"/>
    <auth:candidate name="Nash, Isaac"  id="NI0001"/>
    <auth:candidate name="Nickols, Isaac"  id="NI0002"/>
    <auth:candidate name="Nelson, Isaac"  id="NI0003"/>
    <auth:candidate name="Nunn, Isaac"  id="NI0004"/>
    <auth:candidate name="Nye, Ichabod"  id="NI0005"/>
    <auth:candidate name="Norris, I. W."  id="NI0006"/>
    <auth:candidate name="Newman, Isaac"  id="NI0007"/>
    <auth:candidate name="Nicholson, Isaac R."  id="NI0008"/>
    <auth:candidate name="Nye, Ichabod"  id="NI0009"/>
    <auth:candidate name="Nickells, Israel"  id="NI0010"/>
    <auth:candidate name="Nincumpoop, Ichabod"  id="NI0011"/>
    <auth:candidate name="Nichols, Isaac"  id="NI0012"/>
    <auth:candidate name="Nichols, Israel"  id="NI0013"/>
    <auth:candidate name="Newcomb, Isaiah"  id="NI0014"/>
    <auth:candidate name="Nicholl, Isaac"  id="NI0015"/>
    <auth:candidate name="Nichols, Isaac, Jr."  id="NI0016"/>
    
    <auth:candidate name="Neale, James J."  id="NJ0000"/>
    <auth:candidate name="Nicks, John"  id="NJ0001"/>
    <auth:candidate name="Niles, John"  id="NJ0002"/>
    <auth:candidate name="Norton, John"  id="NJ0003"/>
    <auth:candidate name="Nolan, John E."  id="NJ0004"/>
    <auth:candidate name="Newcomb, James"  id="NJ0005"/>
    <auth:candidate name="Nicoll, John C."  id="NJ0006"/>
    <auth:candidate name="Nixon, James"  id="NJ0007"/>
    <auth:candidate name="Nichols, J.W."  id="NJ0008"/>
    <auth:candidate name="Noble, James"  id="NJ0009"/>
    <auth:candidate name="Northrup, Joseph"  id="NJ0010"/>
    <auth:candidate name="Neal, James"  id="NJ0011"/>
    <auth:candidate name="New, John B."  id="NJ0012"/>
    <auth:candidate name="Nabb, James"  id="NJ0013"/>
    <auth:candidate name="Norvell, Joshua"  id="NJ0014"/>
    <auth:candidate name="Noyes, John"  id="NJ0015"/>
    <auth:candidate name="Noland, Jesse"  id="NJ0016"/>
    <auth:candidate name="Newell, James H."  id="NJ0017"/>
    <auth:candidate name="Newland, Joseph"  id="NJ0018"/>
    <auth:candidate name="Naba, J."  id="NJ0019"/>
    <auth:candidate name="Nicholson, John"  id="NJ0020"/>
    <auth:candidate name="Norris, Jacob"  id="NJ0021"/>
    <auth:candidate name="Newlands, James"  id="NJ0022"/>
    <auth:candidate name="Nabb, James"  id="NJ0023"/>
    <auth:candidate name="Nuttall, James"  id="NJ0024"/>
    <auth:candidate name="Nesbitt, John"  id="NJ0025"/>
    <auth:candidate name="Nicholson, Joseph H."  id="NJ0026"/>
    <auth:candidate name="Nicholson, James"  id="NJ0027"/>
    <auth:candidate name="Nagel, John"  id="NJ0028"/>
    <auth:candidate name="North, Joseph"  id="NJ0029"/>
    <auth:candidate name="Newman, John H. K."  id="NJ0030"/>
    <auth:candidate name="Nixon, John"  id="NJ0031"/>
    <auth:candidate name="Nettles, Jonadab"  id="NJ0032"/>
    <auth:candidate name="Nelson, John"  id="NJ0033"/>
    <auth:candidate name="Nevison, John"  id="NJ0034"/>
    <auth:candidate name="Nelson, John"  id="NJ0035"/>
    <auth:candidate name="Nicklen, John"  id="NJ0036"/>
    <auth:candidate name="Nieson, John Lee"  id="NJ0037"/>
    <auth:candidate name="Newcomb, J."  id="NJ0038"/>
    <auth:candidate name="Night, James"  id="NJ0039"/>
    <auth:candidate name="Nicholas, John"  id="NJ0040"/>
    <auth:candidate name="Naylor, James"  id="NJ0041"/>
    <auth:candidate name="Nesbit, James I."  id="NJ0042"/>
    <auth:candidate name="Nash, Joseph"  id="NJ0043"/>
    <auth:candidate name="Norris, Joseph"  id="NJ0044"/>
    <auth:candidate name="Nelson, Jeremiah"  id="NJ0045"/>
    <auth:candidate name="Nelles, Jason"  id="NJ0046"/>
    <auth:candidate name="Noyes, Joseph"  id="NJ0047"/>
    <auth:candidate name="Nevison, John"  id="NJ0048"/>
    <auth:candidate name="Nash, John T."  id="NJ0049"/>
    <auth:candidate name="Nichols, John"  id="NJ0050"/>
    <auth:candidate name="Neilson, John"  id="NJ0051"/>
    <auth:candidate name="Nye, Jordan M."  id="NJ0052"/>
    <auth:candidate name="Neil, James"  id="NJ0053"/>
    <auth:candidate name="Northrup, Joseph"  id="NJ0054"/>
    <auth:candidate name="Neave, Jeremiah"  id="NJ0055"/>
    <auth:candidate name="Netson, Jacob"  id="NJ0056"/>
    <auth:candidate name="Nash, James"  id="NJ0057"/>
    <auth:candidate name="Newell, James"  id="NJ0058"/>
    <auth:candidate name="Niles, Jonathan"  id="NJ0059"/>
    <auth:candidate name="Norton, Jonathan"  id="NJ0060"/>
    <auth:candidate name="Nash, John"  id="NJ0061"/>
    <auth:candidate name="Norris, John"  id="NJ0062"/>
    <auth:candidate name="Nicholls, Joseph"  id="NJ0063"/>
    <auth:candidate name="Noyes, John"  id="NJ0064"/>
    <auth:candidate name="Noyes, Joseph"  id="NJ0065"/>
    <auth:candidate name="Norton, Jacob"  id="NJ0066"/>
    <auth:candidate name="Norcross, James"  id="NJ0067"/>
    <auth:candidate name="Neal, James"  id="NJ0068"/>
    <auth:candidate name="Nelson, Job"  id="NJ0069"/>
    <auth:candidate name="Nicholson, John"  id="NJ0071"/>
    <auth:candidate name="Nicholas, John"  id="NJ0072"/>
    <auth:candidate name="Nicholas, John"  id="NJ0073"/>
    <auth:candidate name="Nicholas, John, Jr."  id="NJ0074"/>
    <auth:candidate name="Nye, Job"  id="NJ0075"/>
    <auth:candidate name="Nealwalk, John"  id="NJ0076"/>
    <auth:candidate name="Nicholson, John"  id="NJ0077"/>
    <auth:candidate name="Noble, John"  id="NJ0078"/>
    <auth:candidate name="Nash, John"  id="NJ0079"/>
    <auth:candidate name="Nelson, John"  id="NJ0080"/>
    <auth:candidate name="Noble, Job"  id="NJ0081"/>
    <auth:candidate name="Norton, James"  id="NJ0082"/>
    <auth:candidate name="Nevers, John"  id="NJ0083"/>
    <auth:candidate name="Nelson, John S."  id="NJ0084"/>
    <auth:candidate name="Norcum, James"  id="NJ0085"/>
    <auth:candidate name="Nicholson, John"  id="NJ0086"/>
    <auth:candidate name="Norsleet, James"  id="NJ0087"/>
    <auth:candidate name="Nelson, Joseph"  id="NJ0088"/>
    <auth:candidate name="Nunner, Joseph"  id="NJ0089"/>
    <auth:candidate name="Newcomb, Joseph"  id="NJ0090"/>
    <auth:candidate name="Nelson, Joseph"  id="NJ0091"/>
    <auth:candidate name="Newport, Jesse"  id="NJ0092"/>
    <auth:candidate name="Norcoun, Joseph C."  id="NJ0093"/>
    <auth:candidate name="Newell, Joseph"  id="NJ0094"/>
    <auth:candidate name="Nash, Josiah"  id="NJ0095"/>
    <auth:candidate name="Nelson, Joseph"  id="NJ0096"/>
    <auth:candidate name="Nelson, James"  id="NJ0097"/>
    <auth:candidate name="Nelson, John"  id="NJ0098"/>
    <auth:candidate name="Noel, John"  id="NJ0099"/>
    <auth:candidate name="Noble, Jacob"  id="NJ0100"/>
    <auth:candidate name="Neal, James"  id="NJ0101"/>
    <auth:candidate name="Nostrant, James"  id="NJ0102"/>
    <auth:candidate name="Noel, Jacob"  id="NJ0103"/>
    <auth:candidate name="Neville, John"  id="NJ0104"/>
    <auth:candidate name="Nilson, John"  id="NJ0105"/>
    <auth:candidate name="Nyce, John"  id="NJ0106"/>
    <auth:candidate name="Nantuyle, John"  id="NJ0107"/>
    <auth:candidate name="Nash, John"  id="NJ0108"/>
    <auth:candidate name="Newhart, Jacob"  id="NJ0109"/>
    <auth:candidate name="Nottingham, Jonathan"  id="NJ0110"/>
    <auth:candidate name="Naylor, John"  id="NJ0111"/>
    <auth:candidate name="Neal, John"  id="NJ0112"/>
    <auth:candidate name="Neilson, John"  id="NJ0113"/>
    <auth:candidate name="Nelles, John C."  id="NJ0114"/>
    <auth:candidate name="Negley, John"  id="NJ0115"/>
    <auth:candidate name="Noles, John"  id="NJ0116"/>
    <auth:candidate name="Neiler, John"  id="NJ0117"/>
    <auth:candidate name="Neff, John R."  id="NJ0118"/>
    <auth:candidate name="Noles, John"  id="NJ0119"/>
    <auth:candidate name="Neiler, Jacob"  id="NJ0120"/>
    <auth:candidate name="Norse, John"  id="NJ0121"/>
    <auth:candidate name="Nutter, John"  id="NJ0122"/>
    <auth:candidate name="Nicholson, James W."  id="NJ0123"/>
    <auth:candidate name="Nicholls, Jonathan"  id="NJ0124"/>
    <auth:candidate name="Nye, Jonathan"  id="NJ0125"/>
    <auth:candidate name="Nelson, Joseph"  id="NJ0126"/>
    <auth:candidate name="Nixon, James, Jr."  id="NJ0127"/>
    <auth:candidate name="Norcott, James"  id="NJ0128"/>
    <auth:candidate name="Nye, James"  id="NJ0129"/>
    <auth:candidate name="Neven, John"  id="NJ0130"/>
    <auth:candidate name="Newbold, John"  id="NJ0131"/>
    <auth:candidate name="Norbury, Joseph B."  id="NJ0132"/>
    <auth:candidate name="Neil, John"  id="NJ0133"/>
    <auth:candidate name="Nitchie, John"  id="NJ0134"/>
    <auth:candidate name="Noble, John"  id="NJ0135"/>
    <auth:candidate name="Neal, John"  id="NJ0136"/>
    <auth:candidate name="North, Joshua"  id="NJ0137"/>
    <auth:candidate name="Newkirk, John"  id="NJ0138"/>
    <auth:candidate name="Nevin, John"  id="NJ0139"/>
    <auth:candidate name="Nixson, John"  id="NJ0140"/>
    <auth:candidate name="Neff, John"  id="NJ0141"/>
    <auth:candidate name="Nelson, James"  id="NJ0142"/>
    <auth:candidate name="Neff, John R."  id="NJ0143"/>
    <auth:candidate name="Negley, Jacob"  id="NJ0144"/>
    <auth:candidate name="Nixon, James"  id="NJ0145"/>
    <auth:candidate name="Nicolls, John"  id="NJ0146"/>
    <auth:candidate name="Neal, James"  id="NJ0147"/>
    <auth:candidate name="Neikirch, John"  id="NJ0148"/>
    <auth:candidate name="Naglee, John"  id="NJ0149"/>
    <auth:candidate name="Neal, John"  id="NJ0150"/>
    <auth:candidate name="Negus, John"  id="NJ0151"/>
    <auth:candidate name="Neyman, John"  id="NJ0152"/>
    <auth:candidate name="Nesbit, James"  id="NJ0153"/>
    <auth:candidate name="Neccolls, John"  id="NJ0154"/>
    <auth:candidate name="Nott, John"  id="NJ0155"/>
    <auth:candidate name="Novinger, James"  id="NJ0156"/>
    <auth:candidate name="Niles, Joseph"  id="NJ0157"/>
    <auth:candidate name="Naneman, John"  id="NJ0158"/>
    <auth:candidate name="Nicholls, John"  id="NJ0159"/>
    <auth:candidate name="Nicholson, James"  id="NJ0160"/>
    <auth:candidate name="Nesbit, John"  id="NJ0161"/>
    <auth:candidate name="Norton, Jeptha"  id="NJ0162"/>
    <auth:candidate name="Nettles, Jesse"  id="NJ0163"/>
    <auth:candidate name="Neal, John"  id="NJ0164"/>
    <auth:candidate name="Nealy, James"  id="NJ0165"/>
    <auth:candidate name="Norfleet, James"  id="NJ0166"/>
    <auth:candidate name="Nelson, John R."  id="NJ0167"/>
    <auth:candidate name="Noyes, John"  id="NJ0168"/>
    <auth:candidate name="Nixon, James"  id="NJ0169"/>
    <auth:candidate name="Neirson, John"  id="NJ0170"/>
    <auth:candidate name="Nicholas, John"  id="NJ0171"/>
    <auth:candidate name="Neville, Joseph"  id="NJ0172"/>
    <auth:candidate name="Nicholson, J."  id="NJ0173"/>
    <auth:candidate name="Newland, John A."  id="NJ0174"/>
    <auth:candidate name="Nicholson, Joseph"  id="NJ0175"/>
    <auth:candidate name="Nimms, James"  id="NJ0176"/>
    <auth:candidate name="Newell, James"  id="NJ0177"/>
    <auth:candidate name="Newbold, John"  id="NJ0178"/>
<auth:candidate name="Ninnally, John"  id="NJ0180"/>
<auth:candidate name="Niveson, John"  id="NJ0182"/>
<auth:candidate name="Narrington, James"  id="NJ0185"/>
<auth:candidate name="Norris, John"  id="NJ0186"/>
<auth:candidate name="Noel, James H."  id="NJ0187"/>
<auth:candidate name="Nash, John W."  id="NJ0188"/>
<auth:candidate name="Nicholson, John"  id="NJ0189"/>
<auth:candidate name="Neville, Jethro"  id="NJ0191"/>
<auth:candidate name="Nevitt, John B."  id="NJ0194"/>
<auth:candidate name="Norton, John H."  id="NJ0195"/>
<auth:candidate name="Norton, John M."  id="NJ0196"/>
<auth:candidate name="Noel, John Y."  id="NJ0197"/>
    <auth:candidate name="Newcomb, Kinner"  id="NK0000"/>
    <auth:candidate name="Nancys, Kendall P."  id="NK0001"/>
    
    <auth:candidate name="Newton, L."  id="NL0000"/>
    <auth:candidate name="Neth, Lewis, Jr."  id="NL0001"/>
    <auth:candidate name="Noble, Levin"  id="NL0002"/>
    <auth:candidate name="Nims, Leonard"  id="NL0003"/>
    <auth:candidate name="Nash, Lonson"  id="NL0004"/>
    <auth:candidate name="Neighbor, Leonard"  id="NL0005"/>
    <auth:candidate name="Nye, Lot"  id="NL0006"/>
    <auth:candidate name="Nagle, Leonard"  id="NL0007"/>
    <auth:candidate name="Noland, Lloyd"  id="NL0008"/>
    <auth:candidate name="Norton, Levi"  id="NL0009"/>
    <auth:candidate name="Nagar, Levi"  id="NL0010"/>
    <auth:candidate name="Norton, Luman"  id="NL0011"/>
    <auth:candidate name="Nixon, L."  id="NL0012"/>
    
    <auth:candidate name="Nelson, Madison"  id="NM0000"/>
    <auth:candidate name="Neal, Moses L."  id="NM0001"/>
    <auth:candidate name="Nichols, Moses"  id="NM0002"/>
    <auth:candidate name="Nash, Moses"  id="NM0003"/>
    <auth:candidate name="Night, Michael"  id="NM0004"/>
    <auth:candidate name="Nussear, Michael R."  id="NM0005"/>
    <auth:candidate name="Newman, Michael"  id="NM0006"/>
    <auth:candidate name="Newman, Morris A."  id="NM0007"/>
    <auth:candidate name="Norton, M."  id="NM0008"/>
    <auth:candidate name="Norman, Mathew"  id="NM0009"/>
    <auth:candidate name="Nagle, Michael"  id="NM0010"/>
    <auth:candidate name="Newman, Mark"  id="NM0011"/>
    <auth:candidate name="Newbit, Michel"  id="NM0012"/>
    <auth:candidate name="Nack, Matthias"  id="NM0013"/>
    <auth:candidate name="Noah, Mordecai M."  id="NM0014"/>
    <auth:candidate name="Newman, Michael"  id="NM0015"/>
    <auth:candidate name="Neville, Morgan"  id="NM0016"/>
    <auth:candidate name="Nathan, Moses"  id="NM0017"/>
    <auth:candidate name="Norris, Mark"  id="NM0018"/>
    <auth:candidate name="Norton, Martin"  id="NM0019"/>
    
    <auth:candidate name="Noble, Noah"  id="NN0000"/>
    <auth:candidate name="Norris, Nicholas"  id="NN0001"/>
    <auth:candidate name="Norton, Nathaniel"  id="NN0002"/>
    <auth:candidate name="Norton, Nehemiah"  id="NN0003"/>
    <auth:candidate name="Nye, Nathan"  id="NN0004"/>
    <auth:candidate name="Neighbor, Nicholas"  id="NN0005"/>
    <auth:candidate name="Niles, Nathan"  id="NN0006"/>
    <auth:candidate name="Noyes, Nathan"  id="NN0007"/>
    <auth:candidate name="Noget, Nathaniel"  id="NN0008"/>
    <auth:candidate name="Norton, Noah"  id="NN0009"/>
    <auth:candidate name="Newell, Nathan"  id="NN0010"/>
    <auth:candidate name="Norfleet, N."  id="NN0011"/>
    <auth:candidate name="Nye, Nial"  id="NN0012"/>
    <auth:candidate name="Newlin, Nathaniel"  id="NN0013"/>
    <auth:candidate name="Niles, Nathaniel"  id="NN0014"/>
    <auth:candidate name="Nathans, Nathan"  id="NN0015"/>
    <auth:candidate name="Northup, Nicholas C."  id="NN0016"/>
    <auth:candidate name="Nye, Nathan"  id="NN0017"/>
    <auth:candidate name="Nicholas, Nathaniel"  id="NN0018"/>
    <auth:candidate name="Niles, Nathaniel, Jr."  id="NN0019"/>
    <auth:candidate name="Nevlin, Nathaniel"  id="NN0020"/>
    <auth:candidate name="Norris, N."  id="NN0021"/>
    <auth:candidate name="Newall, Nathaniel"  id="NN0022"/>
    <auth:candidate name="Nobles, Nehemiah"  id="NN0023"/>
    <auth:candidate name="Newell, Nathaniel"  id="NN0024"/>
<auth:candidate name="Newton, Nathaniel"  id="NN0032"/>
    <auth:candidate name="Noble, Obediah"  id="N00000"/>
    
    <auth:candidate name="Norton, Peter"  id="NP0000"/>
    <auth:candidate name="Nowlin, Peyton"  id="NP0001"/>
    <auth:candidate name="Nichols, Perkins"  id="NP0002"/>
    <auth:candidate name="Nichol, Paul"  id="NP0003"/>
    <auth:candidate name="Noyes, Parker"  id="NP0004"/>
    <auth:candidate name="Nagle, Peter, Sr."  id="NP0005"/>
    <auth:candidate name="Nicholas, P. N."  id="NP0006"/>
    <auth:candidate name="Nicholas, Philip N."  id="NP0007"/>
    <auth:candidate name="Night, Peter W."  id="NP0008"/>
    <auth:candidate name="Newcomb, Platt"  id="NP0009"/>
    <auth:candidate name="Neville, Presley"  id="NP0010"/>
    <auth:candidate name="Nungesser, Peter"  id="NP0011"/>
<auth:candidate name="Neff, Peter"  id="NP0013"/>
<auth:candidate name="Noon, Philip"  id="NP0014"/>
<auth:candidate name="Nagle, Peter, Jr."  id="NP0015"/>
<auth:candidate name="Newhart, Peter"  id="NP0016"/>
<auth:candidate name="Newland, Peter"  id="NP0017"/>
<auth:candidate name="Noble, Patrick"  id="NP0025"/>
    <auth:candidate name="Newberry, Roger"  id="NR0000"/>
    <auth:candidate name="Nixon, Richard"  id="NR0001"/>
    <auth:candidate name="Noyes, Robert F."  id="NR0002"/>
    <auth:candidate name="Newell, Riverius"  id="NR0003"/>
    <auth:candidate name="Newton, Rejoice"  id="NR0004"/>
    <auth:candidate name="Newell, Robert"  id="NR0005"/>
    <auth:candidate name="Nope, Robert"  id="NR0006"/>
    <auth:candidate name="North, Robert"  id="NR0007"/>
    <auth:candidate name="Neely, R. T."  id="NR0008"/>
    <auth:candidate name="Niles, Robert"  id="NR0009"/>
    <auth:candidate name="Nash, Reuben"  id="NR0010"/>
<auth:candidate name="Noble, R. W."  id="NR0021"/>
<auth:candidate name="Nelson, Reuben W."  id="NR0023"/>
<auth:candidate name="Nelson, Roger"  id="NR0024"/>
<auth:candidate name="Nairne, Robert"  id="NR0032"/>
<auth:candidate name="Neale, Raphael, Jr."  id="NR0037"/>
<auth:candidate name="Newell, Robert"  id="NR0048"/>
<auth:candidate name="Noxon, Robert"  id="NR0055"/>
<auth:candidate name="Neely, Reuben"  id="NR0056"/>
<auth:candidate name="Nash, Reuben"  id="NR0063"/>
<auth:candidate name="Nelson, Robert"  id="NR0064"/>
    <auth:candidate name="Neal, Stephen"  id="NS0000"/>
    <auth:candidate name="Nelson, Samuel"  id="NS0001"/>
    <auth:candidate name="Nannatta, Stephen"  id="NS0002"/>
    <auth:candidate name="Newell, Samuel"  id="NS0003"/>
    <auth:candidate name="Nutting, Stephen"  id="NS0004"/>
    <auth:candidate name="Newman, Samuel"  id="NS0005"/>
    <auth:candidate name="Nickerson, Salathiel"  id="NS0006"/>
    <auth:candidate name="Newell, Samuel C."  id="NS0007"/>
    <auth:candidate name="Nowell, Simon"  id="NS0008"/>
    <auth:candidate name="North, Samuel"  id="NS0009"/>
    <auth:candidate name="Newland, Stephen"  id="NS0010"/>
    <auth:candidate name="Newcomb, Simon"  id="NS0011"/>
    <auth:candidate name="Nichols, Sylvester"  id="NS0012"/>
    <auth:candidate name="Northington, Samuel"  id="NS0013"/>
    <auth:candidate name="Norsworthy, Samuel"  id="NS0014"/>
    <auth:candidate name="Nottingham, Stephen"  id="NS0015"/>
    <auth:candidate name="Niblett, Sterling"  id="NS0016"/>
    <auth:candidate name="Nelson, Samuel"  id="NS0017"/>
    <auth:candidate name="Northcutt, S. D."  id="NS0018"/>
    <auth:candidate name="Nourse, Samuel R."  id="NS0019"/>
    <auth:candidate name="Nelson, Samuel"  id="NS0020"/>
    <auth:candidate name="Noble, Samuel"  id="NS0021"/>
    <auth:candidate name="Nixon, Samuel"  id="NS0022"/>
    <auth:candidate name="Newell, Samuel"  id="NS0023"/>
    <auth:candidate name="Northam, Stephen T."  id="NS0024"/>
    <auth:candidate name="Nelson, Samuel"  id="NS0025"/>
    <auth:candidate name="Nottingham, Smith"  id="NS0026"/>
    <auth:candidate name="Niblett, Sterling"  id="NS0027"/>
    <auth:candidate name="Noble, Sylvester"  id="NS0028"/>
    <auth:candidate name="Neill, Stephen T."  id="NS0029"/>
    <auth:candidate name="Nicholas, Samuel"  id="NS0030"/>
    <auth:candidate name="Nicholls, Samuel"  id="NS0031"/>
    <auth:candidate name="Nixon, Samuel"  id="NS0032"/>
    <auth:candidate name="Naron, Samuel"  id="NS0033"/>
    <auth:candidate name="Niles, Samuel"  id="NS0034"/>
    <auth:candidate name="Nye, Samuel"  id="NS0035"/>
    <auth:candidate name="Newhall, S."  id="NS0036"/>
    <auth:candidate name="Nash, Samson"  id="NS0037"/>
    <auth:candidate name="Nason, Samuel"  id="NS0038"/>
    <auth:candidate name="Newhall, Samuel"  id="NS0039"/>
    <auth:candidate name="Nye, Samuel"  id="NS0040"/>
    <auth:candidate name="Napson, Samuel"  id="NS0041"/>
    <auth:candidate name="Noles, Samuel"  id="NS0042"/>
    <auth:candidate name="Norton, Samuel"  id="NS0043"/>
    <auth:candidate name="Newton, Seth"  id="NS0044"/>
    <auth:candidate name="Newton, Sheebil"  id="NS0045"/>
    <auth:candidate name="Nye, Samuel"  id="NS0046"/>
    <auth:candidate name="Norton, Solomon"  id="NS0047"/>
    <auth:candidate name="Nore, Solomon"  id="NS0048"/>
    <auth:candidate name="Nye, Stephen"  id="NS0049"/>
    <auth:candidate name="Nicholas, Samuel, II"  id="NS0050"/>
    <auth:candidate name="Nicholas, Samuel L."  id="NS0051"/>
    <auth:candidate name="Nathan, Seixas"  id="NS0052"/>
    <auth:candidate name="Nelson, Samuel"  id="NS0053"/>
    <auth:candidate name="North, Stephen"  id="NS0054"/>
    
    <auth:candidate name="Nealand, Thomas"  id="NT0000"/>
    <auth:candidate name="Newhall, Timothy"  id="NT0001"/>
    <auth:candidate name="Newbold, Thomas"  id="NT0002"/>
    <auth:candidate name="Nixon, Thomas"  id="NT0003"/>
    <auth:candidate name="Newell, Thaddeus"  id="NT0004"/>
    <auth:candidate name="Nelson, Thomas"  id="NT0005"/>
    <auth:candidate name="Nichols, Thomas"  id="NT0006"/>
    <auth:candidate name="Needham, Thomas"  id="NT0007"/>
    <auth:candidate name="Newbold, Thomas"  id="NT0008"/>
    <auth:candidate name="Northam, Timothy"  id="NT0009"/>
    <auth:candidate name="Newkirk, Taylor"  id="NT0010"/>
    <auth:candidate name="Nostrand, Timothy"  id="NT0011"/>
    <auth:candidate name="Nixon, Thomas"  id="NT0012"/>
    <auth:candidate name="Nesbit, Thomas"  id="NT0013"/>
    <auth:candidate name="Norton, Thomas"  id="NT0014"/>
    <auth:candidate name="Nichols, Thomas"  id="NT0015"/>
    <auth:candidate name="Noyes, Thomas"  id="NT0016"/>
    <auth:candidate name="Nesbit, Thomas"  id="NT0017"/>
    <auth:candidate name="Norden, Thomas"  id="NT0018"/>
    <auth:candidate name="Nekervis, Thomas"  id="NT0019"/>
    <auth:candidate name="Newbold, Theodore"  id="NT0020"/>
<auth:candidate name="Neely, Thomas"  id="NT0021"/>
<auth:candidate name="Newton, Thomas, Jr."  id="NT0024"/>
<auth:candidate name="Newton, Thomas, Sr."  id="NT0026"/>
<auth:candidate name="Nicholson, Thomas L."  id="NT0032"/>
<auth:candidate name="Nicholson, Thomas J."  id="NT0039"/>
<auth:candidate name="Nelson, Thomas M."  id="NT0043"/>
<auth:candidate name="Napier, Thomas"  id="NT0044"/>
    <auth:candidate name="Norton, Uriah"  id="NU0000"/>
    
    <auth:candidate name="Nesmith, William"  id="NW0000"/>
    <auth:candidate name="Neilson, William"  id="NW0001"/>
    <auth:candidate name="Norwood, William"  id="NW0002"/>
    <auth:candidate name="Nutter, William"  id="NW0003"/>
    <auth:candidate name="Niblack, W."  id="NW0004"/>
    <auth:candidate name="Northup, Wilson"  id="NW0005"/>
    <auth:candidate name="Noel, William"  id="NW0006"/>
    <auth:candidate name="Neale, Wilfred"  id="NW0007"/>
    <auth:candidate name="Newton, Willoughby"  id="NW0008"/>
    <auth:candidate name="Newbold, William"  id="NW0009"/>
    <auth:candidate name="Nixon, William"  id="NW0010"/>
    <auth:candidate name="Neil, William"  id="NW0011"/>
    <auth:candidate name="Newton, William"  id="NW0012"/>
    <auth:candidate name="Newhall, W."  id="NW0013"/>
    <auth:candidate name="Noah, William"  id="NW0014"/>
    <auth:candidate name="Noyes, Woodbridge"  id="NW0015"/>
    <auth:candidate name="Norris, Woodin"  id="NW0016"/>
    <auth:candidate name="Niblo, William"  id="NW0017"/>
    <auth:candidate name="Nicholls, Wright"  id="NW0018"/>
    <auth:candidate name="Nicholas, William"  id="NW0019"/>
    <auth:candidate name="North, William"  id="NW0020"/>
    <auth:candidate name="Nelson, William"  id="NW0021"/>
    <auth:candidate name="Nott, William"  id="NW0022"/>
    <auth:candidate name="Nash, William"  id="NW0023"/>
    <auth:candidate name="Niblack, William"  id="NW0024"/>
    <auth:candidate name="North, William"  id="NW0025"/>
    <auth:candidate name="Norris, William"  id="NW0026"/>
    <auth:candidate name="Nyce, William"  id="NW0027"/>
    <auth:candidate name="Noyes, William"  id="NW0028"/>
    <auth:candidate name="Newbold, William"  id="NW0029"/>
    <auth:candidate name="Nill, William"  id="NW0030"/>
    <auth:candidate name="Nes, William"  id="NW0031"/>
    <auth:candidate name="Nesbit, William"  id="NW0032"/>
    <auth:candidate name="Nesbitt, Wilson"  id="NW0033"/>
    <auth:candidate name="Nichol, Walter D."  id="NW0034"/>
    <auth:candidate name="Nicholas, William"  id="NW0035"/>
    <auth:candidate name="Norris, William"  id="NW0036"/>
    <auth:candidate name="Norvell, William"  id="NW0037"/>
    <auth:candidate name="North, William"  id="NW0038"/>
    <auth:candidate name="Newton, Willoughby"  id="NW0039"/>
    <auth:candidate name="Nelson, William"  id="NW0040"/>
    <auth:candidate name="Nimmo, William"  id="NW0041"/>
    <auth:candidate name="Noble, William"  id="NW0042"/>
    <auth:candidate name="Nicholas, Wilson C."  id="NW0043"/>
    <auth:candidate name="Noland, William F."  id="NW0044"/>
    <auth:candidate name="Newsum, William"  id="NW0045"/>
    <auth:candidate name="Nutty, William"  id="NW0046"/>
    <auth:candidate name="Noble, William"  id="NW0047"/>
    <auth:candidate name="Nutting, William"  id="NW0048"/>
<auth:candidate name="Newsum, William, Jr."  id="NW0055"/>
<auth:candidate name="Newsum, William"  id="NW0057"/>
<auth:candidate name="Newton, William"  id="NW0066"/>
<auth:candidate name="Needles, William"  id="NW0070"/>
<auth:candidate name="Norton, William"  id="NW0071"/>
<auth:candidate name="Neeley, William"  id="NW0073"/>
<auth:candidate name="Newman, Zadock"  id="NZ0000"/>
<auth:candidate name="Nivette, Z."  id="NZ0001"/>
</names-authority-list>	
