<?xml version="1.0" encoding="UTF-8"?> <names-authority-list xmlns:auth="http://dca.tufts.edu/aas/auth" xmlns:xref="http://dca/tufts.edu/aas/xref">

    <auth:candidate name="Olmstead, Aaron"  id="OA0000"/>
    <auth:candidate name="Owens, Abel"  id="OA0001"/>
    <auth:candidate name="Osborn, Aaron M."  id="OA0002"/>
    <auth:candidate name="Olcott, Austin"  id="OA0003"/>
    <auth:candidate name="O'Brien, Alexander"  id="OA0004"/>
    <auth:candidate name="O'Hara, Arthur"  id="OA0005"/>
    <auth:candidate name="Orr, Andrew"  id="OA0006"/>
    <auth:candidate name="Orr, Alexander D."  id="OA0007"/>
    <auth:candidate name="Orne, Azor"  id="OA0008"/>
    <auth:candidate name="Oldham, Absalom"  id="OA0009"/>
    <auth:candidate name="Ott, Adam"  id="OA0010"/>
    <auth:candidate name="Oliver, Andrew"  id="OA0011"/>
    <auth:candidate name="Osric, Azor"  id="OA0012"/>
    <auth:candidate name="Orton, Abiram"  id="OA0013"/>
    <auth:candidate name="Ogden, Amos"  id="OA0014"/>
    <auth:candidate name="Offutt, Aaron"  id="OA0015"/>
    <auth:candidate name="Olds, Asahel"  id="OA0016"/>
    <auth:candidate name="Oake, Abraham"  id="OA0017"/>
<auth:candidate name="Ogden, Abraham"  id="OA0023"/>
<auth:candidate name="Ogden, Aaron"  id="OA0025"/>
<auth:candidate name="Onderdonk, Andrew"  id="OA0038"/>
<auth:candidate name="Odell, Abraham"  id="OA0039"/>
<auth:candidate name="Olmsted, Aaron"  id="OA0047"/>
<auth:candidate name="Oliphant, A."  id="OA0053"/>
<auth:candidate name="Ogle, Alexander"  id="OA0054"/>
<auth:candidate name="Oakie, Abraham"  id="OA0069"/>
<auth:candidate name="Oberle, Andrew"  id="OA0071"/>
<auth:candidate name="Odom, Archibald"  id="OA0075"/>
<auth:candidate name="O'Hara, Arthur H."  id="OA0077"/>
<auth:candidate name="Outlaw, Alexander"  id="OA0078"/>
<auth:candidate name="Overton, Archibald W."  id="OA0080"/>
    <auth:candidate name="Osborne, Abner"  id="OA0081"/>
    <auth:candidate name="Owens, Benjamin"  id="OB0000"/>
    <auth:candidate name="Ogle, Benjamin"  id="OB0001"/>
    <auth:candidate name="Oliver, Benjamin L."  id="OB0002"/>
    <auth:candidate name="Osborn, Bennet"  id="OB0003"/>
    <auth:candidate name="Oakford, Benjamin W."  id="OB0004"/>
    <auth:candidate name="Owen, Benjamin"  id="OB0005"/>
    <auth:candidate name="Ogle, Benjamin"  id="OB0006"/>
    <auth:candidate name="Orr, Benjamin"  id="OB0007"/>
    <auth:candidate name="Orrick, Benjamin"  id="OB0008"/>
    <auth:candidate name="Orr, Benjamin"  id="OB0009"/>
    <auth:candidate name="Ostrander, Barent"  id="OB0010"/>
    <auth:candidate name="Ogden, Benjamin S."  id="OB0011"/>
    <auth:candidate name="Oak, Benjamin H."  id="OB0012"/>
    
    <auth:candidate name="Odinsell, Charles"  id="OC0000"/>
    <auth:candidate name="O'Donnell, Columbus"  id="OC0001"/>
    <auth:candidate name="Onion, Corbin L."  id="OC0002"/>
    <auth:candidate name="Ogden, Charles"  id="OC0003"/>
    <auth:candidate name="Oldham, Charles"  id="OC0004"/>
    <auth:candidate name="Ogden, Charles"  id="OC0005"/>
    <auth:candidate name="Oakley, Cornelius"  id="OC0006"/>
    <auth:candidate name="Oyster, Christian"  id="OC0007"/>
    <auth:candidate name="Olcott, Charles"  id="OC0008"/>
    <auth:candidate name="Otis, Cushing"  id="OC0009"/>
    <auth:candidate name="Otis, Chandler"  id="OC0010"/>
    <auth:candidate name="Olmstead, Charles G."  id="OC0011"/>
    <auth:candidate name="Ober, Christian"  id="OC0012"/>
    
    <auth:candidate name="Owens, David"  id="OD0000"/>
    <auth:candidate name="Olin, Dudley"  id="OD0001"/>
    <auth:candidate name="Osborn, David"  id="OD0002"/>
    <auth:candidate name="Ostrum, David"  id="OD0003"/>
    <auth:candidate name="Owen, Daniel"  id="OD0004"/>
    <auth:candidate name="Olmstead, David"  id="OD0005"/>
    <auth:candidate name="Ogden, David A."  id="OD0006"/>
    <auth:candidate name="Owen, David E."  id="OD0007"/>
    <auth:candidate name="Ostrom, Daniel"  id="OD0008"/>
    <auth:candidate name="Omfrey, David"  id="OD0009"/>
    <auth:candidate name="O'Bryan, Dennis"  id="OD0010"/>
    <auth:candidate name="Oadom, Daniel"  id="OD0011"/>
    <auth:candidate name="Owen, David"  id="OD0012"/>
    <auth:candidate name="Ouensells, Daniel"  id="OD0013"/>
    <auth:candidate name="Oyster, Daniel"  id="OD0014"/>
    <auth:candidate name="Olmstead, Daniel"  id="OD0015"/>
    <auth:candidate name="Osburn, David"  id="OD0016"/>
    <auth:candidate name="Ogilsbie, Dennis B."  id="OD0017"/>
    <auth:candidate name="Oldenburgh, Daniel"  id="OD0018"/>
    <auth:candidate name="Oliver, David"  id="OD0019"/>
<auth:candidate name="Owen, David"  id="OD9999"/>
    
    <auth:candidate name="Owens, Elijah"  id="OE0000"/>
    <auth:candidate name="Oldin, Edward"  id="OE0001"/>
<auth:candidate name="Otis, Erastus"  id="OE0002"/>
    <auth:candidate name="Owen, Ezra"  id="OE0003"/>
    <auth:candidate name="Ostrander, Elisha"  id="OE0004"/>
    <auth:candidate name="Overman, Ephraim"  id="OE0005"/>
    <auth:candidate name="Ostrander, Evert"  id="OE0006"/>
<auth:candidate name="Owen, Edward"  id="OE0007"/>
<auth:candidate name="Orrick, Edward"  id="OE0010"/>
<auth:candidate name="Oliver, Ebenezer"  id="OE0016"/>
<auth:candidate name="Osborn, Elias"  id="OE0019"/>
<auth:candidate name="Osborn, Ezra"  id="OE0023"/>
<auth:candidate name="Owen, Evan"  id="OE0024"/>
<auth:candidate name="Osborne, Ebenezer"  id="OE0025"/>
<auth:candidate name="Olney, Elisha"  id="OE0026"/>
    <auth:candidate name="Owen, George W."  id="OG0000"/>
    <auth:candidate name="Onderdunk, Garrit"  id="OG0001"/>
    <auth:candidate name="Outlaw, George"  id="OG0002"/>
    <auth:candidate name="Ousterhout, Gideon"  id="OG0003"/>
    <auth:candidate name="Owens, George W."  id="OG0004"/>
    <auth:candidate name="Orvis, Gersham"  id="OG0005"/>
    <auth:candidate name="Oral, George"  id="OG0006"/>
    <auth:candidate name="Osgood, George"  id="OG0007"/>
    <auth:candidate name="Orth, Gottlieb"  id="OG0008"/>
    <auth:candidate name="Ogden, Gouverneur"  id="OG0009"/>
    <auth:candidate name="Outlaw, George"  id="OG0010"/>
    <auth:candidate name="Orwig, George"  id="OG0011"/>
    <auth:candidate name="Owen, Griffin"  id="OG0012"/>
    <auth:candidate name="Outlaw, George B."  id="OG0013"/>
    <auth:candidate name="Oyster, George"  id="OG0014"/>
    <auth:candidate name="Odenheimer, George"  id="OG0015"/>
    <auth:candidate name="Odom, George"  id="OG0016"/>
<auth:candidate name="Olin, Gideon"  id="OG0018"/>
<auth:candidate name="Orrick, George"  id="OG0026"/>
    <auth:candidate name="Osborne, Henry"  id="OH0000"/>
    <auth:candidate name="Oldfather, Henry"  id="OH0001"/>
    <auth:candidate name="Oldham, Hugh"  id="OH0002"/>
    <auth:candidate name="Orr, Hector"  id="OH0003"/>
    <auth:candidate name="Ostrom, Henry"  id="OH0004"/>
    <auth:candidate name="Oram, Henry"  id="OH0005"/>
    <auth:candidate name="Ostrom, Henry"  id="OH0006"/>
    <auth:candidate name="Ogden, Henry"  id="OH0007"/>
    <auth:candidate name="Ott, Henry"  id="OH0008"/>
    <auth:candidate name="Orwig, Henry"  id="OH0009"/>
<auth:candidate name="Orne, Henry"  id="OH0027"/>
<auth:candidate name="Otis, Harrison G."  id="OH0028"/>
<auth:candidate name="Osborne, Henry"  id="OH0031"/>
<auth:candidate name="O'Neal, Hugh"  id="OH0032"/>
<auth:candidate name="Oothoudt, Henry"  id="OH0033"/>
<auth:candidate name="Onderdonk, Hendrick"  id="OH0034"/>
<auth:candidate name="Orvis, Horatio"  id="OH0036"/>
<auth:candidate name="Orbison, Henry"  id="OH0039"/>
<auth:candidate name="Orth, Henry"  id="OH0041"/>
<auth:candidate name="Ober, Henry"  id="OH0042"/>
<auth:candidate name="Ohl, Henry"  id="OH0048"/>
<auth:candidate name="Overholtzer, Henry D."  id="OH0049"/>
<auth:candidate name="Olin, Henry"  id="OH0050"/>
<auth:candidate name="Opie, Hierome L."  id="OH0054"/>
    <auth:candidate name="Owen, Ignatius P."  id="OI0000"/>
    <auth:candidate name="Oliver, I."  id="OI0001"/>
    <auth:candidate name="Ogden, Isaac"  id="OI0002"/>
    <auth:candidate name="Odell, Isaac"  id="OI0003"/>
    <auth:candidate name="O'Ferrall, Ignatius"  id="OI0004"/>
    <auth:candidate name="Olay, Isaac"  id="OI0005"/>
    <auth:candidate name="Otey, Isaac"  id="OI0006"/>
    <auth:candidate name="Olmstead, Isaac"  id="OI0007"/>
    <auth:candidate name="Osgood, Isaac"  id="OI0008"/>
    <auth:candidate name="Odell, Isaac"  id="OI0009"/>
    <auth:candidate name="Out, Isaac Fight"  id="OI0010"/>
    <auth:candidate name="Otis, Isaac"  id="OI0011"/>
    <auth:candidate name="Oliver, Isaac"  id="OI0012"/>
    <auth:candidate name="Orwig, Isaac"  id="OI0013"/>
    <auth:candidate name="Ogden, Isaac"  id="OI0014"/>
    
    <auth:candidate name="Owen, Jonathan L."  id="OJ0000"/>
    <auth:candidate name="Oliver, Joseph G."  id="OJ0001"/>
    <auth:candidate name="O'Brion, James"  id="OJ0002"/>
    <auth:candidate name="Oglesby, Joshua"  id="OJ0003"/>
    <auth:candidate name="Ogle, Jacob"  id="OJ0004"/>
    <auth:candidate name="O'Brien, Jeremiah"  id="OJ0005"/>
    <auth:candidate name="O'Brian, Jeremiah, Jr."  id="OJ0006"/>
    <auth:candidate name="Oliver, Joseph"  id="OJ0007"/>
    <auth:candidate name="Ogden, Joseph"  id="OJ0008"/>
    <auth:candidate name="Oliver, Joseph"  id="OJ0009"/>
    <auth:candidate name="Oglesby, Joseph"  id="OJ0010"/>
    <auth:candidate name="O'Donnell, John"  id="OJ0011"/>
    <auth:candidate name="Overton, John"  id="OJ0012"/>
    <auth:candidate name="Ockeltree, John"  id="OJ0013"/>
    <auth:candidate name="Owens, John"  id="OJ0014"/>
    <auth:candidate name="Orillion, J."  id="OJ0015"/>
    <auth:candidate name="Orrick, James"  id="OJ0016"/>
    <auth:candidate name="Ogden, James"  id="OJ0017"/>
    <auth:candidate name="Oglevie, John"  id="OJ0018"/>
    <auth:candidate name="O'Fallon, John"  id="OJ0019"/>
    <auth:candidate name="Oneaon, John Barrett"  id="OJ0020"/>
    <auth:candidate name="Owen, Joseph"  id="OJ0021"/>
    <auth:candidate name="Owen, John"  id="OJ0022"/>
    <auth:candidate name="Ogden, John, Jr."  id="OJ0023"/>
    <auth:candidate name="Osgood, John"  id="OJ0024"/>
    <auth:candidate name="Odell, James"  id="OJ0025"/>
    <auth:candidate name="Oothout, John"  id="OJ0026"/>
    <auth:candidate name="Oliver, Jacob"  id="OJ0027"/>
    <auth:candidate name="Olds, Joel"  id="OJ0028"/>
    <auth:candidate name="O'Brien, Joseph"  id="OJ0029"/>
    <auth:candidate name="O'Brien, John"  id="OJ0030"/>
    <auth:candidate name="Oliver, John"  id="OJ0031"/>
    <auth:candidate name="Orr, John"  id="OJ0032"/>
    <auth:candidate name="Outwater, John"  id="OJ0033"/>
    <auth:candidate name="Ostrander, J., Jr."  id="OJ0034"/>
    <auth:candidate name="Ogden, John"  id="OJ0035"/>
    <auth:candidate name="Oakley, James"  id="OJ0036"/>
    <auth:candidate name="Ogden, Jonathan"  id="OJ0037"/>
    <auth:candidate name="Oliver, John"  id="OJ0038"/>
    <auth:candidate name="Owen, John"  id="OJ0039"/>
    <auth:candidate name="Oliver, John"  id="OJ0040"/>
    <auth:candidate name="O'Blenis, John"  id="OJ0041"/>
    <auth:candidate name="O'Hara, James"  id="OJ0042"/>
    <auth:candidate name="Officer, John"  id="OJ0043"/>
    <auth:candidate name="O'Hara, John"  id="OJ0044"/>
    <auth:candidate name="O'Hara, James"  id="OJ0045"/>
    <auth:candidate name="Ogden, Jedediah"  id="OJ0046"/>
    <auth:candidate name="Offner, John"  id="OJ0047"/>
    <auth:candidate name="Oliphant, John"  id="OJ0048"/>
    <auth:candidate name="Oliver, John"  id="OJ0049"/>
    <auth:candidate name="O'Neall, John Belton"  id="OJ0050"/>
    <auth:candidate name="Opdycke, John"  id="OJ0051"/>
    <auth:candidate name="Olin, Jude"  id="OJ0052"/>
    <auth:candidate name="Oliver, John"  id="OJ0053"/>
    <auth:candidate name="Ogden, Jonathan"  id="OJ0054"/>
    <auth:candidate name="Odell, Jonas"  id="OJ0055"/>
    <auth:candidate name="Oakley, Jesse"  id="OJ0056"/>
    <auth:candidate name="Oliver, John"  id="OJ0057"/>
    <auth:candidate name="Owen, Joel"  id="OJ0058"/>
    <auth:candidate name="Oliver, James"  id="OJ0059"/>
    <auth:candidate name="Olmsted, Jesse"  id="OJ0060"/>
    <auth:candidate name="Orr, Joseph"  id="OJ0061"/>
    <auth:candidate name="Oliver, James B."  id="OJ0062"/>
    <auth:candidate name="Olinger, John"  id="OJ0063"/>
    <auth:candidate name="Oborn, Joseph"  id="OJ0064"/>
    <auth:candidate name="Osgood, Joshua Bailey"  id="OJ0065"/>
    <auth:candidate name="Oldham, Joel"  id="OJ0066"/>
    <auth:candidate name="Osgood, Jonathan"  id="OJ0067"/>
    <auth:candidate name="Ostrander, J. I."  id="OJ0068"/>
    <auth:candidate name="Owen, Jonathan"  id="OJ0069"/>
    <auth:candidate name="Onderdonk, J."  id="OJ0070"/>
    <auth:candidate name="Ostrom, John D."  id="OJ0071"/>
    <auth:candidate name="Out, Jacob Quite"  id="OJ0072"/>
    <auth:candidate name="Oram, James"  id="OJ0073"/>
    <auth:candidate name="Odell, Jacob"  id="OJ0074"/>
    <auth:candidate name="O'Brien, James"  id="OJ0075"/>
    <auth:candidate name="Olney, James"  id="OJ0076"/>
    <auth:candidate name="Olmstead, Jonathan"  id="OJ0077"/>
    <auth:candidate name="Osborn, John P."  id="OJ0078"/>
    <auth:candidate name="Ostrander, John I."  id="OJ0079"/>
    <auth:candidate name="O'Bryan, Jordan"  id="OJ0080"/>
    <auth:candidate name="Owen, Joseph"  id="OJ0081"/>
    <auth:candidate name="Ostrom, John"  id="OJ0082"/>
    <auth:candidate name="O'Harra, John"  id="OJ0083"/>
    <auth:candidate name="Orton, James"  id="OJ0084"/>
    <auth:candidate name="Ogsbury, John D."  id="OJ0085"/>
    <auth:candidate name="Ovenshire, John"  id="OJ0086"/>
    <auth:candidate name="Ormley, John W."  id="OJ0087"/>
    <auth:candidate name="Odeneal, John"  id="OJ0088"/>
    <auth:candidate name="Owen, John"  id="OJ0089"/>
    <auth:candidate name="Obrian, John"  id="OJ0090"/>
    <auth:candidate name="Owens, James"  id="OJ0091"/>
    <auth:candidate name="Overmire, J."  id="OJ0092"/>
    <auth:candidate name="Owen, John"  id="OJ0093"/>
    <auth:candidate name="Oliver, John"  id="OJ0094"/>
    <auth:candidate name="Odenheimer, John"  id="OJ0095"/>
    <auth:candidate name="Osgood, John"  id="OJ0096"/>
    <auth:candidate name="Olmsted, Jonas"  id="OJ0097"/>
    <auth:candidate name="Owens, Joseph, Jr."  id="OJ0098"/>
    <auth:candidate name="Olmstead, Joseph"  id="OJ0099"/>
    <auth:candidate name="Oniwalt, John"  id="OJ0100"/>
    <auth:candidate name="Olcott, Josiah"  id="OJ0101"/>
    <auth:candidate name="O'Neal, John"  id="OJ0102"/>
    <auth:candidate name="Orr, John"  id="OJ0103"/>
    <auth:candidate name="Olmstead, Jonathan C."  id="OJ0104"/>
    <auth:candidate name="Old, Joseph"  id="OJ0105"/>
    <auth:candidate name="Ogleby, Joseph"  id="OJ0106"/>
    <auth:candidate name="Ogden, Joseph"  id="OJ0107"/>
    <auth:candidate name="Owens, John"  id="OJ0108"/>
    <auth:candidate name="Oldden, James"  id="OJ0109"/>
    <auth:candidate name="Oyster, John"  id="OJ0110"/>
    <auth:candidate name="Oberdorf, Jacob"  id="OJ0111"/>
    <auth:candidate name="Overstreet, James"  id="OJ0112"/>
    <auth:candidate name="Overstreet, John"  id="OJ0113"/>
    <auth:candidate name="Ogleby, Joseph"  id="OJ0114"/>
    <auth:candidate name="Osborne, John"  id="OJ0115"/>
    <auth:candidate name="Overton, John"  id="OJ0116"/>
    <auth:candidate name="Ogle, John"  id="OJ0117"/>
    <auth:candidate name="Oliver, John"  id="OJ0118"/>
    <auth:candidate name="O'Brian, John"  id="OJ0119"/>
    <auth:candidate name="Oat, Jesse"  id="OJ0120"/>
    <auth:candidate name="Osmann, James"  id="OJ0121"/>
    <auth:candidate name="Old, James"  id="OJ0122"/>
    <auth:candidate name="Orr, John D."  id="OJ0123"/>
    <auth:candidate name="Osburn, Joshua"  id="OJ0124"/>
    <auth:candidate name="Orr, James"  id="OJ0125"/>
    <auth:candidate name="Oliver, James"  id="OJ0126"/>
    <auth:candidate name="Old, James"  id="OJ0127"/>
    <auth:candidate name="Oliver, James B."  id="OJ0128"/>
    <auth:candidate name="Oyster, Jacob"  id="OJ0129"/>
    <auth:candidate name="Ogden, Jonathan"  id="OJ0130"/>
    <auth:candidate name="Ormsbey, Joseph"  id="OJ0131"/>
    <auth:candidate name="Olin, James"  id="OJ0132"/>
    <auth:candidate name="Olin, John H."  id="OJ0133"/>
<auth:candidate name="Oldham, John P."  id="OJ7777"/>
    <auth:candidate name="O'Neal, Lawrence"  id="OL0000"/>
    <auth:candidate name="O'Brien, Lewis"  id="OL0001"/>
    <auth:candidate name="Opdycke, Luther"  id="OL0002"/>
    <auth:candidate name="Osborn, Lewis"  id="OL0003"/>
    
    <auth:candidate name="Olcott, Michael"  id="OM0000"/>
    <auth:candidate name="Ordonnez, Manuel"  id="OM0001"/>
    <auth:candidate name="Oswalt, Michael"  id="OM0002"/>
    <auth:candidate name="Ogden, Moses"  id="OM0003"/>
    <auth:candidate name="Oglesby, Micajah"  id="OM0004"/>
    <auth:candidate name="Offley, Michael"  id="OM0005"/>
    <auth:candidate name="O'Brien, Michael J."  id="OM0006"/>
    <auth:candidate name="Oliver, Matthew"  id="OM0007"/>
    <auth:candidate name="Oakley, Morris"  id="OM0008"/>
    <auth:candidate name="Opp, Michael"  id="OM0009"/>
    
    <auth:candidate name="Olmstead, N.H."  id="ON0000"/>
    <auth:candidate name="Osgood, Nathan"  id="ON0001"/>
    <auth:candidate name="Ogden, Nathaniel"  id="ON0002"/>
    <auth:candidate name="Olmsted, Noah"  id="ON0003"/>
    <auth:candidate name="Orr, Nestor"  id="ON0004"/>
    <auth:candidate name="Osborn, Nathan"  id="ON0005"/>
    
    <auth:candidate name="Orsburn, Osias"  id="OO0000"/>
    <auth:candidate name="Overett, Oliver"  id="OO0001"/>
    <auth:candidate name="Olmstead, Obed"  id="OO0002"/>
    <auth:candidate name="Otis, Oran G."  id="OO0003"/>
    
    <auth:candidate name="O'Bannon, Presley N."  id="OP0000"/>
    <auth:candidate name="Olcott, Peter"  id="OP0001"/>
    <auth:candidate name="Odlin, Peter"  id="OP0002"/>
    <auth:candidate name="Osgood, Peter, Jr."  id="OP0003"/>
    <auth:candidate name="Otis, Perez"  id="OP0004"/>
    <auth:candidate name="Orton, Philo"  id="OP0005"/>
<auth:candidate name="Owings, Patrick"  id="OP0006"/>
<auth:candidate name="Odenheimer, Philip"  id="OP0012"/>
<auth:candidate name="Oliver, Peter"  id="OP0022"/>
<auth:candidate name="O'Flin, Patrick"  id="OP0023"/>
<auth:candidate name="Ogle, Peter L."  id="OP0024"/>
<auth:candidate name="Odenwelder, Philip"  id="OP0100"/>
    <auth:candidate name="Owings, Richard"  id="OR0000"/>
    <auth:candidate name="Orrell, Robert"  id="OR0001"/>
    <auth:candidate name="Oglesby, Richard"  id="OR0002"/>
    <auth:candidate name="Oliver, Richard"  id="OR0003"/>
    <auth:candidate name="O'Brien, Richard"  id="OR0004"/>
    <auth:candidate name="Oliver, Robert"  id="OR0005"/>
    <auth:candidate name="Oldson, Robert"  id="OR0006"/>
    <auth:candidate name="Ogiers, R."  id="OR0007"/>
    <auth:candidate name="Orr, Robert"  id="OR0008"/>
    <auth:candidate name="Odell, Richard"  id="OR0009"/>
    <auth:candidate name="Ogden, Robert"  id="OR0010"/>
    <auth:candidate name="Owen, R."  id="OR0011"/>
    <auth:candidate name="O'Brien, Richard"  id="OR0012"/>
<auth:candidate name="Orr, Robert"  id="OR0014"/>
<auth:candidate name="Oakley, Robert"  id="OR0015"/>
<auth:candidate name="Officer, Robert"  id="OR0023"/>
<auth:candidate name="O'Neill, Robert"  id="OR0024"/>
<auth:candidate name="Owens, R."  id="OR0025"/>
<auth:candidate name="Owen, Robert"  id="OR0027"/>
<auth:candidate name="Osburn, Richard"  id="OR5551"/>
    <auth:candidate name="Osborne, Samuel G."  id="OS0000"/>
    <auth:candidate name="Omelveny, Samuel"  id="OS0001"/>
    <auth:candidate name="Ormsby, Stephen"  id="OS0002"/>
    <auth:candidate name="Oliver, Samuel"  id="OS0003"/>
    <auth:candidate name="Overton, Samuel"  id="OS0004"/>
    <auth:candidate name="Otis, Samuel A."  id="OS0005"/>
    <auth:candidate name="Oxx, Samuel"  id="OS0006"/>
    <auth:candidate name="Osgood, Samuel"  id="OS0007"/>
    <auth:candidate name="Osborn, Squire"  id="OS0008"/>
    <auth:candidate name="Otis, Stephen"  id="OS0009"/>
<auth:candidate name="Ogilsby, Samuel"  id="OS0011"/>
<auth:candidate name="Owings, Samuel"  id="OS0013"/>
<auth:candidate name="Olcott, Simeon"  id="OS0017"/>
<auth:candidate name="Ogden, Samuel"  id="OS0019"/>
<auth:candidate name="Osgood, Samuel"  id="OS0022"/>
<auth:candidate name="Owens, Stephen"  id="OS0023"/>
<auth:candidate name="Ogden, Samuel"  id="OS0024"/>
    <auth:candidate name="Osborn, Samuel"  id="OS0025"/>
    <auth:candidate name="Oliver, Thomas"  id="OT0000"/>
    <auth:candidate name="Osburn, Thomas"  id="OT0001"/>
    <auth:candidate name="Osgood, Timothy"  id="OT0002"/>
    <auth:candidate name="Oakley, Thomas J."  id="OT0003"/>
    <auth:candidate name="Owings, Thomas Dye"  id="OT0004"/>
    <auth:candidate name="O'Bryan, Thomas"  id="OT0005"/>
    <auth:candidate name="Offut, Tilghmun"  id="OT0006"/>
    <auth:candidate name="O'Bryan, Thomas"  id="OT0007"/>
    <auth:candidate name="Odle, Thomas"  id="OT0008"/>
    <auth:candidate name="Orr, Thomas"  id="OT0009"/>
    <auth:candidate name="Osborn, Thomas"  id="OT0010"/>
    <auth:candidate name="Olds, Thomas"  id="OT0011"/>
    <auth:candidate name="Oakes, Thomas"  id="OT0012"/>
    <auth:candidate name="Orr, Thomas"  id="OT0013"/>
    <auth:candidate name="Owen, Thos."  id="OT0014"/>
    <auth:candidate name="Osborn, Thomas"  id="OT0015"/>
    <auth:candidate name="Oaks, Thaddeus"  id="OT0016"/>
    <auth:candidate name="Oaks, Thaddeus"  id="OT0017"/>
    <auth:candidate name="Obarns, Thomas"  id="OT0018"/>
    <auth:candidate name="Osborn, Thomas"  id="OT0019"/>
    <auth:candidate name="Oakley, Timothy"  id="OT0020"/>
    <auth:candidate name="Officer, Thomas"  id="OT0021"/>
    
<auth:candidate name="Oothout, V. D."  id="OV0000"/>
    <auth:candidate name="Opp, Valentine"  id="OV0001"/>
    <auth:candidate name="Owen, William P."  id="OW0000"/>
    <auth:candidate name="O'Bryen, William"  id="OW0001"/>
    <auth:candidate name="Otwell, William"  id="OW0002"/>
    <auth:candidate name="O'Hara, William"  id="OW0003"/>
    <auth:candidate name="Oaklly, William"  id="OW0004"/>
    <auth:candidate name="O'Kelly, William"  id="OW0005"/>
    <auth:candidate name="Ogle, William"  id="OW0006"/>
    <auth:candidate name="Overton, Worsley and"  id="OW0007"/>
    <auth:candidate name="O'Bannon, William B."  id="OW0008"/>
    <auth:candidate name="O'Cain, William"  id="OW0009"/>
    <auth:candidate name="Osborn, William"  id="OW0010"/>
    <auth:candidate name="Oliver, William"  id="OW0011"/>
    <auth:candidate name="Overpaugh, William"  id="OW0012"/>
    <auth:candidate name="Odell, William"  id="OW0013"/>
    <auth:candidate name="Osborn, William"  id="OW0014"/>
    <auth:candidate name="Orne, William"  id="OW0015"/>
    <auth:candidate name="Oliver, William M."  id="OW0016"/>
    <auth:candidate name="Orendorf, William"  id="OW0017"/>
    <auth:candidate name="Oliver, William"  id="OW0018"/>
    <auth:candidate name="Oram, William"  id="OW0019"/>
    <auth:candidate name="Orr, William"  id="OW0020"/>
    <auth:candidate name="Oldfield, William"  id="OW0021"/>
    <auth:candidate name="Oakford, William"  id="OW0022"/>
    <auth:candidate name="Orbison, William"  id="OW0023"/>
    <auth:candidate name="Oliver, Walter"  id="OW0024"/>
    <auth:candidate name="Overfield, William"  id="OW0025"/>
    <auth:candidate name="Oliver, William"  id="OW0026"/>
<auth:candidate name="Ogden, William"  id="OW0029"/>
<auth:candidate name="Oudenreid, William"  id="OW0030"/>
<auth:candidate name="Old, William"  id="OW0035"/>
    </names-authority-list>