<?xml version="1.0" encoding="UTF-8"?> <names-authority-list xmlns:auth="http://dca.tufts.edu/aas/auth" xmlns:xref="http://dca/tufts.edu/aas/xref">
    
    <auth:candidate name="Quackenbush, Adam"  id="QA0000"/>
    <auth:candidate name="Quynn, Allen"  id="QA0001"/>
    <auth:candidate name="Quinton, Andrew"  id="QA0005"/>
    <auth:candidate name="Quackenbush, Abraham A."  id="QA0006"/>
    <auth:candidate name="Quick, Benjamin"  id="QB0000"/>
    <auth:candidate name="Quigley, Christopher"  id="QC0000"/>
    <auth:candidate name="Quinnan, Daniel"  id="QD0000"/>
    <auth:candidate name="Quigley, Daniel"  id="QD0001"/>
    <auth:candidate name="Quimby, Ephraim"  id="QE0000"/>
    <auth:candidate name="Quinby, Enos"  id="QE0001"/>
    <auth:candidate name="Quinn, Edward"  id="QE0002"/>
    <auth:candidate name="Quinby, Ephraim"  id="QE0003"/>
    <auth:candidate name="Qarles, Francis, Jr."  id="QF0000"/>
    <auth:candidate name="Quash, Francis Dallas"  id="QF7445"/>
    <auth:candidate name="Quackenbush, Garret"  id="QG0000"/>
    <auth:candidate name="Quackenbush, Henry Q."  id="QH0000"/>
    <auth:candidate name="Quickley, Henry"  id="QH0001"/>
    <auth:candidate name="Quackenboss, Harman J."  id="QH0002"/>
    <auth:candidate name="Quick, John"  id="QJ0000"/>
    <auth:candidate name="Quynn, John"  id="QJ0001"/>
    <auth:candidate name="Quincy, Josiah, 1772-1864"  id="QJ0002"/>
    <auth:candidate name="Queen, John W."  id="QJ0003"/>
    <auth:candidate name="Quarles, John"  id="QJ0004"/>
    <auth:candidate name="Quillin, Joseph"  id="QJ0005"/>
    <auth:candidate name="Quin, John"  id="QJ0006"/>
    <auth:candidate name="Quackenbush, John"  id="QJ0007"/>
    <auth:candidate name="Quid, James"  id="QJ0008"/>
    <auth:candidate name="Quackenbush, James"  id="QJ0009"/>
    <auth:candidate name="Quackenbush, John N."  id="QJ0010"/>
    <auth:candidate name="Quinby, Joseph"  id="QJ0011"/>
    <auth:candidate name="Quackenboss, John C."  id="QJ0012"/>
    <auth:candidate name="Quigley, James"  id="QJ0013"/>
    <auth:candidate name="Quin, John"  id="QJ0014"/>
    <auth:candidate name="Quack, John"  id="QJ0015"/>
    <auth:candidate name="Quackenbush, Jacob"  id="QJ0016"/>
    <auth:candidate name="Quigley, James"  id="QJ0017"/>
    <auth:candidate name="Quarles, John"  id="QJ0018"/>
    <auth:candidate name="Quicksill, Jonathan"  id="QJ0019"/>
    <auth:candidate name="Quinton, Littleton"  id="QL0001"/>
    <auth:candidate name="Quick, Moses"  id="QM0000"/>
    <auth:candidate name="Quackenboss, Nicholas"  id="QN0000"/>
    <auth:candidate name="Quackenbush, Nicholas N."  id="QN0001"/>
    <auth:candidate name="Quackenbush, Nathan N."  id="QN0002"/>
    <auth:candidate name="Quimby, Obadiah"  id="QO0000"/>
    <auth:candidate name="Quinton, Philip"  id="QP0000"/>
    <auth:candidate name="Quin, Peter"  id="QP0001"/>
    <auth:candidate name="Quinton, Philip"  id="QP0002"/>
    <auth:candidate name="Quinn, Patrick"  id="QP0003"/>
    <auth:candidate name="Queros, Philip"  id="QP0004"/>
    <auth:candidate name="Quin, Patrick"  id="QP0005"/>
    <auth:candidate name="Quackenbush, Richard N."  id="QR0000"/>
    <auth:candidate name="Quash, Robert H."  id="QR0001"/>
    <auth:candidate name="Quarles, Robert"  id="QR0003"/>
    <auth:candidate name="Quarles, Samuel"  id="QS0001"/>
    <auth:candidate name="Question, Thomas"  id="QT0000"/>
    <auth:candidate name="Quarles, Tunstall, 1781-1856"  id="QT0001"/>
    <auth:candidate name="Quimby, Thomas"  id="QT0002"/>
    <auth:candidate name="Quautrill, Thomas"  id="QT0003"/>
    <auth:candidate name="Quinlan, Thomas"  id="QT0004"/>
    <auth:candidate name="Quick, Tunis"  id="QT0005"/>
    <auth:candidate name="Quick, Titus"  id="QT0006"/>
    <auth:candidate name="Quirey, William F."  id="QW0000"/>
    <auth:candidate name="Quinton, William"  id="QW0001"/>
    <auth:candidate name="Quackenbuss, Walter"  id="QW0002"/>
    <auth:candidate name="Quarters, William"  id="QW0003"/>
    <auth:candidate name="Quackenbush, William"  id="QW0004"/>
</names-authority-list>
