<?xml version="1.0" encoding="UTF-8"?> <names-authority-list xmlns:auth="http://dca.tufts.edu/aas/auth" xmlns:xref="http://dca/tufts.edu/aas/xref">

    <auth:candidate name="Usselton, Aquilla"  id="UA0000"/>
    <auth:candidate name="Underhill, Austin"  id="UA0001"/>
    <auth:candidate name="Underwood, Alexander"  id="UA0002"/>
    <auth:candidate name="Ulrich, Adam"  id="UA0003"/>
    <auth:candidate name="Upshur, Abel P."  id="UA0004"/>
    <auth:candidate name="Underhill, Augustus"  id="UA0005"/>
    <auth:candidate name="Utter, Abraham"  id="UA0006"/>
    <auth:candidate name="Underhill, Anthony L."  id="UA0007"/>
    <auth:candidate name="Urmston, Benjamin"  id="UB0000"/>
    <auth:candidate name="Unangst, Bernhard, Jr."  id="UB0001"/>
    <auth:candidate name="Uhler, Christopher"  id="UC0000"/>
    <auth:candidate name="Underhill, Caleb"  id="UC0001"/>
    <auth:candidate name="Udree, Daniel"  id="UD0000"/>
    <auth:candidate name="Underhill, Daniel"  id="UD0001"/>
<auth:candidate name="Updike, Daniel"  id="UD0003"/>
    <auth:candidate name="Ufford, Elijah"  id="UE0000"/>
    <auth:candidate name="Uhler, Erasmus"  id="UE0001"/>
    <auth:candidate name="Upshaw, Edwin"  id="UE0002"/>
    <auth:candidate name="Usher, Ellis B."  id="UE0003"/>
    <auth:candidate name="Upham, Edward"  id="UE0004"/>
    <auth:candidate name="Underhand, E."  id="UE0005"/>
    <auth:candidate name="Uptland, Edmond"  id="UE0006"/>
    <auth:candidate name="Utley, Frederick"  id="UF0000"/>
    <auth:candidate name="Upham, George B."  id="UG0000"/>
    <auth:candidate name="Underhill, George M.K."  id="UG0001"/>
    <auth:candidate name="Utter, Gilbert"  id="UG0002"/>
<auth:candidate name="Ulmer, George"  id="UG0003"/>
<auth:candidate name="Utter, Henry"  id="UH0000"/>
<auth:candidate name="Ulmer, Henry"  id="UH0002"/>
    <auth:candidate name="Underhill, Israel"  id="UI0000"/>
    <auth:candidate name="Utter, Isaac"  id="UI0001"/>
    <auth:candidate name="Underhill, Ira B."  id="UI0002"/>
    <auth:candidate name="Underwood, James P."  id="UJ0000"/>
    <auth:candidate name="Underwood, Joseph R."  id="UJ0001"/>
    <auth:candidate name="Upton, John, Jr."  id="UJ0002"/>
    <auth:candidate name="Upham, John"  id="UJ0003"/>
    <auth:candidate name="Umfrey, James"  id="UJ0004"/>
    <auth:candidate name="Upham, Jabez"  id="UJ0005"/>
    <auth:candidate name="Underhill, John B."  id="UJ0006"/>
    <auth:candidate name="Urie, John"  id="UJ0007"/>
    <auth:candidate name="Upton, Jesse"  id="UJ0008"/>
<auth:candidate name="Upson, Jesse"  id="UJ0021"/>
<auth:candidate name="Underwood, John"  id="UJ0032"/>
<auth:candidate name="Updegraff, Jacob"  id="UJ0033"/>
<auth:candidate name="Updegraff, Joseph"  id="UJ0034"/>
<auth:candidate name="Upp, Jacob"  id="UJ0035"/>
    <auth:candidate name="Urban, Jacob"  id="UJ0036"/>
    <auth:candidate name="Urie, John"  id="UJ0037"/>
<auth:candidate name="Uhler, John"  id="UJ0038"/>
<auth:candidate name="Underwood, John"  id="UJ0042"/>
<auth:candidate name="Upperman, John"  id="UJ0044"/>
<auth:candidate name="Ulmer, John"  id="UJ0048"/>
<auth:candidate name="Upshaw, James, Jr."  id="UJ0050"/>
<auth:candidate name="Upshaw, John H."  id="UJ0059"/>
<auth:candidate name="Underwood, John"  id="UJ0061"/>
<auth:candidate name="Upshaw, Jeremiah"  id="UJ0062"/>
<auth:candidate name="Urquhart, John D."  id="UJ1066"/>
    <auth:candidate name="Upshur, Littleton"  id="UL0000"/>
    <auth:candidate name="Ulshoeffer, Michael"  id="UM0000"/>
    <auth:candidate name="Upham, Nathaniel"  id="UN0000"/>
    <auth:candidate name="Underwood, Oliver"  id="UO0000"/>
<auth:candidate name="Uhler, Philip"  id="UP0000"/>
<auth:candidate name="Upham, Phineas"  id="UP0003"/>
<auth:candidate name="Umstot, Peter"  id="UP0007"/>
<auth:candidate name="Ulmer, Peter"  id="UP0008"/>
<auth:candidate name="Udell, Richard"  id="UR0000"/>
    <auth:candidate name="Usher, S."  id="US0000"/>
    <auth:candidate name="Urie, Samuel"  id="US0001"/>
    <auth:candidate name="Upham, Seward"  id="US0002"/>
    <auth:candidate name="Upton, Stephen"  id="US0003"/>
<auth:candidate name="Utter, Samuel"  id="US0004"/>
    <auth:candidate name="Underwood, Solomon"  id="US0010"/>
    <auth:candidate name="Utter, Samuel"  id="US00011"/>
    <auth:candidate name="Urquhart, Thomas"  id="UT0000"/>
    <auth:candidate name="Ussery, William"  id="UW0000"/>
    <auth:candidate name="Unthank, William"  id="UW0001"/>
    <auth:candidate name="Underwood, William"  id="UW0002"/>
    <auth:candidate name="Upton, William"  id="UW0003"/>
    <auth:candidate name="Utter, William"  id="UW0004"/>
    <auth:candidate name="Underhill, William"  id="UW0005"/>
    <auth:candidate name="Utter, William"  id="UW0006"/>
</names-authority-list>