<?xml version="1.0" encoding="UTF-8"?> <names-authority-list xmlns:auth="http://dca.tufts.edu/aas/auth" xmlns:xref="http://dca/tufts.edu/aas/xref">
 

    <auth:candidate name="Vance, Andrew" id="VA0000"/>
    <auth:candidate name="Vancamper, Abraham" id="VA0001"/>
    <auth:candidate name="Van Ingen, Abraham" id="VA0002"/>
    <auth:candidate name="Vosburgh, Abraham" id="VA0003"/>
    <auth:candidate name="Vanhoutten, Abraham" id="VA0004"/>
    <auth:candidate name="Voorhees, Abraham L." id="VA0005"/>
    <auth:candidate name="Van Syckel, Aaron" id="VA0006"/>
    <auth:candidate name="Vanhotten, Adrian" id="VA0007"/>
    <auth:candidate name="Van DeHurt, Abraham" id="VA0008"/>
    <auth:candidate name="Vanarsdalen, Abraham" id="VA0009"/>
    <auth:candidate name="Vail, Abner N." id="VA0010"/>
    <auth:candidate name="Vincent, Abraham" id="VA0011"/>
    <auth:candidate name="Van Cleve, Aaron" id="VA0012"/>
    <auth:candidate name="Van Vechten, Abraham" id="VA0013"/>
    <auth:candidate name="Van Derkar, Aaron" id="VA0014"/>
    <auth:candidate name="Vrooman, Adam B." id="VA0015"/>
    <auth:candidate name="Van Vranken, A." id="VA0016"/>
    <auth:candidate name="Van Vechten, Abraham" id="VA0017"/>
    <auth:candidate name="Van Santvoord, Abernathy" id="VA0018"/>
    <auth:candidate name="Vanderpool, Abraham B." id="VA0019"/>
    <auth:candidate name="Van Horne, Abraham D." id="VA0020"/>
    <auth:candidate name="Vedder, Abraham A." id="VA0021"/>
    <auth:candidate name="Van Eps, Abraham" id="VA0022"/>
    <auth:candidate name="Viele, Abraham L." id="VA0023"/>
    <auth:candidate name="Vail, Abraham" id="VA0024"/>
    <auth:candidate name="Valentine, Abraham" id="VA0025"/>
    <auth:candidate name="Vanpelt, Alexander" id="VA0026"/>
    <auth:candidate name="Vonderau, Adam" id="VA0027"/>
    <auth:candidate name="Vanderhorst, Arnoldus" id="VA0028"/>
    <auth:candidate name="Venable, Abraham B." id="VA0029"/>
    <auth:candidate name="Vansant, Abner" id="VA0030"/>
    <auth:candidate name="Varrick, Abraham" id="VA0031"/>
    <auth:candidate name="Vangelder, Abraham, Jr." id="VA0032"/>
    <auth:candidate name="Vantassel, Abraham" id="VA0033"/>
    <auth:candidate name="Van Nostrand, Abraham" id="VA0034"/>
    <auth:candidate name="Van Alen, Abraham I." id="VA0035"/>
    <auth:candidate name="Vandler, Abraham J." id="VA0036"/>
    <auth:candidate name="Vail, Absalom" id="VA0037"/>
    <auth:candidate name="Vanck, Adam" id="VA0038"/>
    <auth:candidate name="Van Alen, Adam I." id="VA0039"/>
    <auth:candidate name="Veeder, Adam" id="VA0040"/>
    <auth:candidate name="Van Gelder, Abraham, Jr." id="VA0041"/>
    <auth:candidate name="Van Nest, Abraham" id="VA0042"/>
    <auth:candidate name="Van Alstyne, Alexander" id="VA0043"/>
    <auth:candidate name="Van Arsdalen, Abraham" id="VA0044"/>
<auth:candidate name="Van Dyck, Aaron"  id="VA0048"/>
<auth:candidate name="Van Bergen, Anthony" id="VA0101"/>
<auth:candidate name="Van Bibber, Abraham" id="VA0102"/>
<auth:candidate name="Van Ingen, Abraham" id="VA0110"/>
<auth:candidate name="Van Horn, Archibald" id="VA0120"/>
<auth:candidate name="Van Horne, Abraham" id="VA0121"/>
<auth:candidate name="Van Oruam, Abraham" id="VA0200"/>
<auth:candidate name="Van Wyck, Abraham D." id="VA0300"/>
<auth:candidate name="Van Dyck, Abraham" id="VA0350"/>
<auth:candidate name="Van Patten, Andries" id="VA0351"/>
<auth:candidate name="Van Patten, Andrew N." id="VA0353"/>
<auth:candidate name="Van Dyck, Arent" id="VA0354"/>
<auth:candidate name="Van Eps, Abraham" id="VA0355"/>
<auth:candidate name="Vickars, Anthony S." id="VA0356"/>
    <auth:candidate name="Vermillion, Benjamin" id="VB0000"/>
    <auth:candidate name="Van Kleck, Botless" id="VB0001"/>
    <auth:candidate name="Van Vlick, Barent" id="VB0002"/>
    <auth:candidate name="Vrooman, Barent H." id="VB0003"/>
    <auth:candidate name="Valkenburgh, Bartholomew W." id="VB0004"/>
    <auth:candidate name="Vervalin, Benjamin" id="VB0005"/>
    <auth:candidate name="Van Cleve, B." id="VB0006"/>
    <auth:candidate name="Veirs, Brice W." id="VB0007"/>
    <auth:candidate name="Vaughan, Benjamin" id="VB0008"/>
    <auth:candidate name="Varum, Benjamin" id="VB0009"/>
    <auth:candidate name="Vanderpool, Barent" id="VB0010"/>
    <auth:candidate name="Van Alstyne, Benjamin" id="VB0011"/>
    <auth:candidate name="Van Bethuysen, Benjamin" id="VB0012"/>
    <auth:candidate name="Van Orden, Benjamin" id="VB0013"/>
    <auth:candidate name="Van Buren, Barent" id="VB0014"/>
    <auth:candidate name="Van Bueren, Beekman M." id="VB0015"/>
    <auth:candidate name="Van Cleve, Benjamin" id="VB0016"/>
    
    <auth:candidate name="Voorhees, Cornelius" id="VC0000"/>
    <auth:candidate name="Vunck, Christopher" id="VC0001"/>
    <auth:candidate name="Van Veghten, Cornelius" id="VC0002"/>
    <auth:candidate name="Vreeland, Cornelius K." id="VC0003"/>
    <auth:candidate name="Valentine, Caleb H." id="VC0004"/>
    <auth:candidate name="Vanderhoof, Cornelius" id="VC0005"/>
    <auth:candidate name="Vanartsdalen, Christopher" id="VC0006"/>
    <auth:candidate name="Vandegrift, Christopher" id="VC0007"/>
    <auth:candidate name="Van Santvoord, Cornelius Z." id="VC0008"/>
    <auth:candidate name="Van Slyck, Cornelius" id="VC0009"/>
    <auth:candidate name="Van Alen, Cobus" id="VC0010"/>
    <auth:candidate name="Vorce, Charles" id="VC0011"/>
    <auth:candidate name="Van Wincle, Cornelius" id="VC0012"/>
    <auth:candidate name="Vanhouten, Cornelius" id="VC0013"/>
    <auth:candidate name="Vandevoort, Charles" id="VC0014"/>
    <auth:candidate name="Vernooy, Conrad" id="VC0015"/>
    <auth:candidate name="Van Rapper, Cornelius" id="VC0016"/>
    <auth:candidate name="VanBeuren, Cortlandt" id="VC0017"/>
    <auth:candidate name="Van Antwerp, Cornelius" id="VC0018"/>
    <auth:candidate name="Vanhorn, Cornelius" id="VC0019"/>
    <auth:candidate name="Van Winkle, Cornelius" id="VC0020"/>
    <auth:candidate name="Van Reypen, Cornelius D." id="VC0021"/>
<auth:candidate name="Van Houten, Claus R." id="VC0101"/>
<auth:candidate name="Van Dyck, Cornelius" id="VC0200"/>
<auth:candidate name="Van Ness, C. P." id="VC0301"/>
    <auth:candidate name="Vail, Davis" id="VD0000"/>
    <auth:candidate name="Van Horne, Daniel" id="VD0001"/>
    <auth:candidate name="Vliet, Daniel" id="VD0002"/>
    <auth:candidate name="Varnum, Daniel" id="VD0003"/>
    <auth:candidate name="Van Voorhis, D." id="VD0004"/>
    <auth:candidate name="Verplanck, Daniel C." id="VD0005"/>
    <auth:candidate name="Vleit, Daniel" id="VD0006"/>
    <auth:candidate name="Vanderleyden, D." id="VD0007"/>
    <auth:candidate name="Van Horne, Daniel" id="VD0008"/>
    <auth:candidate name="Vanderheyden, Derick L." id="VD0009"/>
    <auth:candidate name="Vincent, Daniel" id="VD0010"/>
    <auth:candidate name="Vertner, Daniel" id="VD0011"/>
    <auth:candidate name="Van Antwerp, Daniel L." id="VD0012"/>
    <auth:candidate name="Ver Plack, David I.D." id="VD0013"/>
    <auth:candidate name="Van Waganer, Daniel" id="VD0014"/>
    <auth:candidate name="Van De Bogert, Daniel" id="VD0015"/>
    <auth:candidate name="Van Alstine, Daniel" id="VD0016"/>
    <auth:candidate name="Verplanck, David" id="VD0017"/>
    <auth:candidate name="Van Etta, David" id="VD0018"/>
    <auth:candidate name="Vance, David H." id="VD0019"/>
    <auth:candidate name="Van Duren, David" id="VD0020"/>
    <auth:candidate name="Van Horne, David" id="VD0021"/>
    <auth:candidate name="Van Doyle, Dennis H." id="VD0022"/>
    <auth:candidate name="Van Deusen, Derick" id="VD0023"/>
    <auth:candidate name="Van Hosen, Derick" id="VD0024"/>
    <auth:candidate name="Van Schelluyne, Dirk" id="VD0025"/>
    <auth:candidate name="Van Vechten, Douw" id="VD0026"/>
    <auth:candidate name="Vliet, Daniel" id="VD0027"/>
<auth:candidate name="Van Ness, David" id="VD0100"/>
<auth:candidate name="Van Horne, Daniel" id="VD0200"/>
    <auth:candidate name="Veatch, Elijah" id="VE0000"/>
    <auth:candidate name="Veazey, Edward H." id="VE0001"/>
    <auth:candidate name="Vantreefe. E." id="VE0002"/>
    <auth:candidate name="Vail, Ebenezer" id="VE0003"/>
    <auth:candidate name="Vansant, Ephraim" id="VE0004"/>
    <auth:candidate name="Varney, Edmund" id="VE0005"/>
    <auth:candidate name="Vears, Elijah" id="VE0006"/>
    <auth:candidate name="Vermylia, Edward" id="VE0007"/>
    <auth:candidate name="Vickery, Eli" id="VE0008"/>
    <auth:candidate name="Van Steenbergh, Elias" id="VE0009"/>
    <auth:candidate name="Vaughn, Edward" id="VE0010"/>
    <auth:candidate name="Vreeland, Elias I." id="VE0011"/>
    <auth:candidate name="Van Horne, Elijah" id="VE0012"/>
    <auth:candidate name="Van Waggoner, Everet" id="VE0013"/>
    <auth:candidate name="Vandenburgh, Everet, Jr." id="VE0014"/>
    <auth:candidate name="Vandenbergh, Everet" id="VE0015"/>
    <auth:candidate name="Vantress, Emmanuel" id="VE0016"/>
    <auth:candidate name="Vansykel, Elijah" id="VE0017"/>
    <auth:candidate name="Valentine, Edward, Jr." id="VE0018"/>
    <auth:candidate name="Vanderlip, Elias" id="VE0019"/>
    <auth:candidate name="Van Hoesen, Elijah" id="VE0020"/>
    <auth:candidate name="Van Wickle, Evert" id="VE0021"/>
    <auth:candidate name="Van Ansdale, Elias" id="VE0022"/>
<auth:candidate name="Van Horn, Espy" id="VE0101"/>
    <auth:candidate name="Vogel, Frederick" id="VF0000"/>
    <auth:candidate name="Vance, Frederick" id="VF0001"/>
    <auth:candidate name="Van Derveer, F." id="VF0002"/>
    <auth:candidate name="Van Buren, Francis H." id="VF0003"/>
    <auth:candidate name="Van Dyk, Francis" id="VF0004"/>
    <auth:candidate name="Van Derveer, Ferdinand" id="VF0005"/>
    
    <auth:candidate name="Van Horn, Gabriel" id="VG0000"/>
    <auth:candidate name="Vickers, George" id="VG0001"/>
    <auth:candidate name="Vliet, Garret" id="VG0002"/>
    <auth:candidate name="Verplank, Gulian" id="VG0003"/>
    <auth:candidate name="Van Vost, Gershom" id="VG0004"/>
    <auth:candidate name="Veeder, Gerrit S., Jr." id="VG0005"/>
    <auth:candidate name="Verplanck, Gulian C." id="VG0006"/>
    <auth:candidate name="Vandegriff, George" id="VG0007"/>
    <auth:candidate name="Vaux, George" id="VG0008"/>
    <auth:candidate name="Vanderdice, George" id="VG0009"/>
    <auth:candidate name="Van Beuren, G." id="VG0010"/>
    <auth:candidate name="Verplanck, Gardner D." id="VG0011"/>
    <auth:candidate name="Vashon, George" id="VG0012"/>
    <auth:candidate name="Van Bergen, Garret" id="VG0013"/>
    <auth:candidate name="Vanderheyden, Garrit" id="VG0014"/>
    <auth:candidate name="Van Ness, Garrit" id="VG0015"/>
    <auth:candidate name="Van Wie, Gat" id="VG0016"/>
    <auth:candidate name="Van Wagenen, Garret H." id="VG0017"/>
    <auth:candidate name="Vandenburgh, George W." id="VG0018"/>
    <auth:candidate name="Van Houten, Garret" id="VG0019"/>
<auth:candidate name="Van Schoonhaven, Guert" id="VG0061"/>
<auth:candidate name="Van Schaick, Gerrit W." id="VG0062"/>
<auth:candidate name="Van Buskirk, George" id="VG0101"/>
<auth:candidate name="Van Zandt, Garrett G." id="VG0400"/>
    <auth:candidate name="Valleau, Henry J." id="VH0000"/>
    <auth:candidate name="Veatch, Hezekiah" id="VH0001"/>
    <auth:candidate name="Vanderveer, Henry" id="VH0002"/>
    <auth:candidate name="Vausychel, Henry" id="VH0003"/>
    <auth:candidate name="Vinal, Howard" id="VH0004"/>
    <auth:candidate name="Van Gordon, H." id="VH0005"/>
    <auth:candidate name="Van Vleck, Harmanius" id="VH0006"/>
    <auth:candidate name="Vanderveer, Henry" id="VH0007"/>
    <auth:candidate name="Vanmatre, Henry" id="VH0008"/>
    <auth:candidate name="Vandeburgh, Henry" id="VH0009"/>
    <auth:candidate name="Veeder, Harmanus A." id="VH0010"/>
    <auth:candidate name="Vire, Harmanus A." id="VH0011"/>
    <auth:candidate name="Vrooman, Henry V." id="VH0012"/>
    <auth:candidate name="Vanhorse, Henry" id="VH0013"/>
    <auth:candidate name="Vanderslice, Henry" id="VH0014"/>
    <auth:candidate name="Valentine, Henry" id="VH0015"/>
    <auth:candidate name="Van Schaich, Henry J." id="VH0016"/>
    <auth:candidate name="Vaughan, Henry" id="VH0017"/>
    <auth:candidate name="Van Slyck, Harmanus H."  id="VH0018"/>
    <auth:candidate name="Vandenbergh, Henry V.S."  id="VH0019"/>
    <auth:candidate name="Van Vechten, Harman"  id="VH0020"/>
    <auth:candidate name="Van Der Lyn, Henry"  id="VH0021"/>
    <auth:candidate name="Van Kueren, Hezekiah"  id="VH0022"/>
    <auth:candidate name="Van Sant, Harman"  id="VH0023"/>
    <auth:candidate name="Van Dever, Henry" id="VH0024"/>
    <auth:candidate name="Van Dolsen, Henry" id="VH0025"/>
    <auth:candidate name="Van Dalsen, Henry" id="VH0026"/>
<auth:candidate name="Van Orden, Hezekiah" id="VH0100"/>
<auth:candidate name="Van Derzee, Harmon A." id="VH0200"/>
<auth:candidate name="Von Phul, Henry" id="VH0250"/>
<auth:candidate name="Van Rensselaer, Henry K." id="VH0350"/>
<auth:candidate name="Vick, Hartwell" id="VH0351"/>
    <auth:candidate name="Vanderbeck, Isaac" id="VI0000"/>
    <auth:candidate name="Vrooman, Isaac" id="VI0001"/>
    <auth:candidate name="Verplanck, Isaac D." id="VI0002"/>
    <auth:candidate name="Van Loan, Isaac"  id="VI0003"/>
    <auth:candidate name="VanDorn, Isaac"  id="VI0004"/>
    <auth:candidate name="Van Kleeck, Isaac L."  id="VI0005"/>
    <auth:candidate name="Vermilyea, Isaac"  id="VI0006"/>
    <auth:candidate name="Vrooman, Isaac"  id="VI0007"/>
    <auth:candidate name="Van Dyke, Isaac"  id="VI0008"/>
    <auth:candidate name="Ver, Isaac"  id="VI0009"/>
    <auth:candidate name="Van Duzer, Isaac"  id="VI0010"/>
    <auth:candidate name="Vincent, Isaac" id="VI0011"/>
    <auth:candidate name="Van Saun, Isaac S." id="VI0012"/>
    <auth:candidate name="Van Camper, Isaac" id="VI0013"/>
    <auth:candidate name="Van Coursen, Isaac" id="VI0014"/>
    <auth:candidate name="Vanmeter, Isaac" id="VI0015"/>
<auth:candidate name="Van Horne, Isaac" id="VI0100"/>
<auth:candidate name="Van Wyck, Isaac" id="VI0110"/>
<auth:candidate name="Van Meter, Isaac" id="VI0200"/>
    <auth:candidate name="Vining, John" id="VJ0000"/>
    <auth:candidate name="Vernor, John" id="VJ0001"/>
    <auth:candidate name="Vining, John" id="VJ0002"/>
    <auth:candidate name="Van Gaasbeck, John" id="VJ0003"/>
    <auth:candidate name="Vawter, John" id="VJ0004"/>
    <auth:candidate name="Vawter, James" id="VJ0005"/>
    <auth:candidate name="Van Rensselaer, James" id="VJ0006"/>
    <auth:candidate name="Vigus, John" id="VJ0007"/>
    <auth:candidate name="Vandlaricum, John" id="VJ0008"/>
    <auth:candidate name="Vanmatre, Jacob" id="VJ0009"/>
    <auth:candidate name="Venable, Joseph B." id="VJ0010"/>
    <auth:candidate name="Vail, John P." id="VJ0011"/>
    <auth:candidate name="Villere, Jacques" id="VJ0012"/>
    <auth:candidate name="Villere, James" id="VJ0013"/>
    <auth:candidate name="Van Ingen, James" id="VJ0014"/>
    <auth:candidate name="Vanartsdalen, Jacob A." id="VJ0015"/>
    <auth:candidate name="Van Alen, Jacobus J." id="VJ0016"/>
    <auth:candidate name="Varnor, John" id="VJ0017"/>
    <auth:candidate name="Vinot, J. M." id="VJ0018"/>
    <auth:candidate name="Vignie, J.B.B." id="VJ0019"/>
    <auth:candidate name="Van Gaasbeek, J., Jr." id="VJ0020"/>
    <auth:candidate name="Van Vranken, James" id="VJ0021"/>
    <auth:candidate name="Vann, John" id="VJ0022"/>
    <auth:candidate name="Vanderpool, Josiah" id="VJ0023"/>
    <auth:candidate name="Varnum, Joseph B." id="VJ0024"/>
    <auth:candidate name="Vom Aik, John" id="VJ0025"/>
    <auth:candidate name="Van Compton, John" id="VJ0026"/>
    <auth:candidate name="Varnum, James M." id="VJ0027"/>
    <auth:candidate name="Van Meter, Jacob" id="VJ0028"/>
    <auth:candidate name="Van Meter, Joseph" id="VJ0029"/>
    <auth:candidate name="Vantilburgh, John" id="VJ0030"/>
    <auth:candidate name="Vrile, John" id="VJ0031"/>
    <auth:candidate name="Vance, Joseph" id="VJ0032"/>
    <auth:candidate name="Vickers, James" id="VJ0033"/>
    <auth:candidate name="Varnum, John B." id="VJ0034"/>
    <auth:candidate name="Vinal, John" id="VJ0035"/>
    <auth:candidate name="Voss, Joseph" id="VJ0036"/>
    <auth:candidate name="Valentine, Joseph, Jr." id="VJ0037"/>
    <auth:candidate name="Virval, John" id="VJ0038"/>
    <auth:candidate name="Vincent, Joseph" id="VJ0039"/>
    <auth:candidate name="Varl, Joseph" id="VJ0040"/>
    <auth:candidate name="Valentine, Joseph" id="VJ0041"/>
    <auth:candidate name="Vase, Joseph" id="VJ0042"/>
    <auth:candidate name="Varnum, John" id="VJ0043"/>
    <auth:candidate name="Van Leuven, John" id="VJ0044"/>
    <auth:candidate name="Van Ness, James" id="VJ0045"/>
    <auth:candidate name="Vancleve, John W." id="VJ0046"/>
    <auth:candidate name="Van Zante, J." id="VJ0047"/>
    <auth:candidate name="Voorhees, James" id="VJ0048"/>
    <auth:candidate name="V. Rensselaer, John F." id="VJ0049"/>
    <auth:candidate name="Van Wyck, John B." id="VJ0050"/>
    <auth:candidate name="Valkenburgh, J. A." id="VJ0051"/>
    <auth:candidate name="Van Bergen, Jack" id="VJ0052"/>
    <auth:candidate name="Van Schoonhoven, Jack" id="VJ0053"/>
    <auth:candidate name="Van Aman, Jacob" id="VJ0054"/>
    <auth:candidate name="Van Alfyne, Jacob" id="VJ0055"/>
    <auth:candidate name="Vosburgh, Jacob" id="VJ0056"/>
    <auth:candidate name="Vanderveer, Jacob" id="VJ0057"/>
    <auth:candidate name="Van Schoonhoven, Jacob" id="VJ0058"/>
    <auth:candidate name="Van Etten, Jacobus G." id="VJ0059"/>
    <auth:candidate name="Vanderwerker, Jacon J." id="VJ0060"/>
    <auth:candidate name="Vanderbilt, John" id="VJ0061"/>
    <auth:candidate name="Vanderveer, James" id="VJ0062"/>
    <auth:candidate name="Visscher, John T." id="VJ0063"/>
    <auth:candidate name="Veeder, John V." id="VJ0064"/>
    <auth:candidate name="Vaill, James" id="VJ0065"/>
    <auth:candidate name="Van Schoonhoven, James" id="VJ0066"/>
    <auth:candidate name="Veeder, James" id="VJ0067"/>
    <auth:candidate name="Vanbrick, James" id="VJ0068"/>
    <auth:candidate name="Vanderveer, John C." id="VJ0069"/>
    <auth:candidate name="Verbryck, James G." id="VJ0070"/>
    <auth:candidate name="Van Alen, James J." id="VJ0071"/>
    <auth:candidate name="Van Alstyne, James I." id="VJ0072"/>
    <auth:candidate name="Victory, John" id="VJ0073"/>
    <auth:candidate name="Vischer, Jeremiah" id="VJ0074"/>
    <auth:candidate name="Ver Plank, John D." id="VJ0075"/>
    <auth:candidate name="Vorsburgh, John P." id="VJ0076"/>
    <auth:candidate name="Vosburgh, John J." id="VJ0077"/>
    <auth:candidate name="Viele, John L." id="VJ0078"/>
    <auth:candidate name="Van Valkenburgh, John J." id="VJ0079"/>
    <auth:candidate name="Vaughan, James L." id="VJ0080"/>
    <auth:candidate name="Visgar, Jacob" id="VJ0081"/>
    <auth:candidate name="Vetter, Joseph" id="VJ0082"/>
    <auth:candidate name="Vance, Joseph" id="VJ0083"/>
    <auth:candidate name="Vance, John" id="VJ0084"/>
    <auth:candidate name="Vaughn, John" id="VJ0085"/>
    <auth:candidate name="Vanderveer, Joseph" id="VJ0086"/>
    <auth:candidate name="Vail, Josiah" id="VJ0087"/>
    <auth:candidate name="Vanather, James" id="VJ0088"/>
    <auth:candidate name="Van Alen, John L." id="VJ0089"/>
    <auth:candidate name="Vaux, James" id="VJ0090"/>
    <auth:candidate name="Vernon, Jonathan" id="VJ0091"/>
    <auth:candidate name="Vanduser, Jacob" id="VJ0092"/>
    <auth:candidate name="Veacon, John" id="VJ0093"/>
    <auth:candidate name="Van Dyke, John, Jr." id="VJ0094"/>
    <auth:candidate name="Vallance, John" id="VJ0095"/>
    <auth:candidate name="Vance, Joseph" id="VJ0096"/>
    <auth:candidate name="Vandeveer, John" id="VJ0097"/>
    <auth:candidate name="Vanhart, James" id="VJ0098"/>
    <auth:candidate name="Voorhees, John H." id="VJ0099"/>
    <auth:candidate name="Vache, John" id="VJ0100"/>
    <auth:candidate name="Vredenbrugh, John J." id="VJ0101"/>
    <auth:candidate name="Van Count, John" id="VJ0102"/>
    <auth:candidate name="Vanuxem, James" id="VJ0103"/>
    <auth:candidate name="Van Woert, John" id="VJ0104"/>
    <auth:candidate name="Vance, John" id="VJ0105"/>
    <auth:candidate name="Van Alstyne, John" id="VJ0106"/>
    <auth:candidate name="Van Vraken, John" id="VJ0107"/>
    <auth:candidate name="Vogdes, Jacob" id="VJ0108"/>
    <auth:candidate name="Van Volkenberg, John" id="VJ0109"/>
    <auth:candidate name="Velie, John L." id="VJ0110"/>
    <auth:candidate name="Vedder, John F.D." id="VJ0111"/>
    <auth:candidate name="Van Horne, John" id="VJ0112"/>
    <auth:candidate name="Van Busherk, John" id="VJ0113"/>
    <auth:candidate name="Varick, John V.B." id="VJ0114"/>
    <auth:candidate name="Vankirk, Joseph" id="VJ0115"/>
    <auth:candidate name="Vanliew, John" id="VJ0116"/>
    <auth:candidate name="Verdier, John M., Jr." id="VJ0117"/>
    <auth:candidate name="Verree, Joseph" id="VJ0118"/>
    <auth:candidate name="Van Sicklen, John" id="VJ0119"/>
    <auth:candidate name="Van Buren, John" id="VJ0120"/>
    <auth:candidate name="Van Orden, John" id="VJ0121"/>
    <auth:candidate name="Vibbard, John" id="VJ0122"/>
    <auth:candidate name="Vineyard, John" id="VJ0123"/>
    <auth:candidate name="Van Aukin, John E." id="VJ0124"/>
    <auth:candidate name="Valentine, Josiah" id="VJ0125"/>
    <auth:candidate name="Velvin, John" id="VJ0126"/>
    <auth:candidate name="Vaughan, James M." id="VJ0127"/>
    <auth:candidate name="Valentine, Jacob" id="VJ0128"/>
    <auth:candidate name="Van Fossey, John"  id="VJ0129"/>
    <auth:candidate name="Voight, John C."  id="VJ0130"/>
    <auth:candidate name="Van Valkenburgh, John L."  id="VJ0131"/>
    <auth:candidate name="Van Rensselaer, John H."  id="VJ0132"/>
    <auth:candidate name="Van Fleet, John"  id="VJ0133"/>
    <auth:candidate name="Van Schaick, John"  id="VJ0134"/>
    <auth:candidate name="Van Keuren, John C."  id="VJ0135"/>
    <auth:candidate name="Veazie, John"  id="VJ0136"/>
    <auth:candidate name="Veele, John J."  id="VJ0137"/>
    <auth:candidate name="Vandler, John J."  id="VJ0138"/>
    <auth:candidate name="Verbryck, John G."  id="VJ0139"/>
    <auth:candidate name="V. Carmerhorn, John N."  id="VJ0140"/>
    <auth:candidate name="Vandenbergh, Jacob"  id="VJ0141"/>
    <auth:candidate name="Van Deusen, James"  id="VJ0142"/>
    <auth:candidate name="Van Schoonhoven, James"  id="VJ0143"/>
    <auth:candidate name="Van Kleeck, John L."  id="VJ0144"/>
    <auth:candidate name="Van Ness, Jacob"  id="VJ0145"/>
    <auth:candidate name="Vanden Heuvell, Jacob A."  id="VJ0146"/>
    <auth:candidate name="Veeder, Jacob"  id="VJ0147"/>
    <auth:candidate name="Van Eps, James J."  id="VJ0148"/>
    <auth:candidate name="Van Horne, James"  id="VJ0149"/>
    <auth:candidate name="Van Atsyne, Jacob" id="VJ0150"/>
    <auth:candidate name="Van Artsdalen, Jacob" id="VJ0151"/>
    <auth:candidate name="Vanderpool, James" id="VJ0152"/>
    <auth:candidate name="Votey, James" id="VJ0153"/>
    <auth:candidate name="Van Benthuysen, John" id="VJ0154"/>
    <auth:candidate name="Van Der Pool, John" id="VJ0155"/>
    <auth:candidate name="Van Alen, John" id="VJ0156"/>
    <auth:candidate name="Van Deusen, John T."  id="VJ0157"/>
    <auth:candidate name="Van Ansdalem, Jacob"  id="VJ0158"/>
    <auth:candidate name="Vanneman, John P."  id="VJ0159"/>
    <auth:candidate name="Van Fossen, John"  id="VJ0160"/>
    <auth:candidate name="Van Nostrand, John"  id="VJ0161"/>
    <auth:candidate name="Vanderbilt, John, Jr."  id="VJ0162"/>
    <auth:candidate name="Vanderheyden, John G."  id="VJ0163"/>
    <auth:candidate name="Vernon, John"  id="VJ0164"/>
    <auth:candidate name="Vrooman, John S."  id="VJ0165"/>
    <auth:candidate name="Van Fleet, Joshua"  id="VJ0166"/>
    <auth:candidate name="Van Alen, Jacob R."  id="VJ0167"/>
    <auth:candidate name="Valentine, John"  id="VJ0168"/>
    <auth:candidate name="Vandike, John"  id="VJ0169"/>
    <auth:candidate name="Vincent, John"  id="VJ0170"/>
    <auth:candidate name="Vance, John"  id="VJ0171"/>
    <auth:candidate name="Van Waggoner, John" id="VJ0172"/>
    <auth:candidate name="Van Duyn, James" id="VJ0173"/>
    <auth:candidate name="Van Dyke, James C." id="VJ0174"/>
    <auth:candidate name="Van Horn, John" id="VJ0175"/>
    <auth:candidate name="Vanderpool, J." id="VJ0176"/>
    <auth:candidate name="Vanderbelt, Jacob" id="VJ0177"/>
    <auth:candidate name="Van Meter, James" id="VJ0178"/>
    <auth:candidate name="Vanderpool, James" id="VJ0179"/>
    <auth:candidate name="Van Dixon, John" id="VJ0180"/>
    <auth:candidate name="Vail, Joshua Y." id="VJ0181"/>
<auth:candidate name="Van Horn, John" id="VJ0200"/>
<auth:candidate name="Van Alen, James I." id="VJ0201"/>
<auth:candidate name="Van Alen, John E." id="VJ0202"/>
<auth:candidate name="Van Horn, Joseph" id="VJ0203"/>
<auth:candidate name="Van Oten, Johannes" id="VJ0210"/>
<auth:candidate name="Van Ness, John P." id="VJ0250"/>
<auth:candidate name="Van Wyck, John B." id="VJ0301"/>
<auth:candidate name="Van Dalsen, John T." id="VJ0305"/>
<auth:candidate name="Van Rensselaer, Jacob R." id="VJ0360"/>
<auth:candidate name="Van Rensselaer, Jeremiah" id="VJ0361"/>
<auth:candidate name="Van Rensselaer, John I." id="VJ0362"/>
<auth:candidate name="Van Kirk, James" id="VJ0363"/>
<auth:candidate name="Van Eps, John C." id="VJ0450"/>
<auth:candidate name="Van Zandt, John G." id="VJ0451"/>
<auth:candidate name="Van Hikle, John" id="VJ0452"/>
<auth:candidate name="Vandegrift, Jacob" id="VJ0453"/>
<auth:candidate name="Van Rensselaer, J. E." id="VJ0454"/>
<auth:candidate name="Van Ingen, James" id="VJ0500"/>
<auth:candidate name="Van Schoonhaven, Jacobus" id="VJ0685"/>
<auth:candidate name="Van Rensselaer, Killian K." id="VK0350"/>
    <auth:candidate name="Vrooman, Lawrence" id="VL0000"/>
    <auth:candidate name="Vail, Lewis" id="VL0001"/>
    <auth:candidate name="Van Hook, Lawrence" id="VL0002"/>
    <auth:candidate name="Vandegriff, Leonard" id="VL0003"/>
    <auth:candidate name="Vrooman, Lawrence" id="VL0004"/>
    <auth:candidate name="Vail, Lewis" id="VL0005"/>
    <auth:candidate name="Van Kleeck, Lawrence J." id="VL0006"/>
    <auth:candidate name="Valentine, Levi" id="VL0007"/>
    <auth:candidate name="Vandclip, Lewis" id="VL0008"/>
    <auth:candidate name="Van Nostrand, L." id="VL0009"/>
    <auth:candidate name="Van Kleeck, Lawrence L." id="VL0010"/>
    <auth:candidate name="Van Kueren, Levi" id="VL0011"/>
    
    <auth:candidate name="Vaughan, Malkijah" id="VM0000"/>
    <auth:candidate name="Vanke, Mathem" id="VM0001"/>
    <auth:candidate name="Vanlear, Matthew" id="VM0002"/>
    <auth:candidate name="Vail, Moses" id="VM0003"/>
    <auth:candidate name="Vosburgh, Myndart" id="VM0004"/>
    <auth:candidate name="Van Allstine, Martin" id="VM0005"/>
    <auth:candidate name="Vanmeter, Morgan" id="VM0006"/>
    <auth:candidate name="Van Lear, Matthew"  id="VM0007"/>
    <auth:candidate name="Von Buskirk, Mahlon"  id="VM0008"/>
    <auth:candidate name="Van Aman, Manse P."  id="VM0009"/>
    <auth:candidate name="Vincent, Matthew"  id="VM0010"/>
    <auth:candidate name="Van Onion, Moses"  id="VM0011"/>
    <auth:candidate name="Vandenbergh, Mossey"  id="VM0012"/>
    <auth:candidate name="Van Alstyne, Martin"  id="VM0013"/>
    <auth:candidate name="Van Vleck, Matthew"  id="VM0014"/>
    <auth:candidate name="Van Campen, Moses"  id="VM0015"/>
    <auth:candidate name="Vance, Moses"  id="VM0016"/>
    <auth:candidate name="Van Campen, Moses"  id="VM0017"/>
<auth:candidate name="Van Denbergh, Matthew R." id="VM0100"/>
<auth:candidate name="Van Bergen, Martin G." id="VM0101"/>
<auth:candidate name="Van Buren, Martin" id="VM0102"/>
<auth:candidate name="Van Brackle, Matthais" id="VM0103"/>
<auth:candidate name="Van Der Cook, Michael S." id="VM0110"/>
<auth:candidate name="Van Houten, Martin" id="VM0120"/>
    <auth:candidate name="Vickers, Nathaniel" id="VN0000"/>
    <auth:candidate name="Vicara, Nathan" id="VN0001"/>
    <auth:candidate name="Vanauken, Nathaniel" id="VN0002"/>
    <auth:candidate name="Vanhorne, Nathan" id="VN0003"/>
    <auth:candidate name="Vansant, Nathaniel" id="VN0004"/>
    <auth:candidate name="Vaughan, N." id="VN0005"/>
    <auth:candidate name="Van Slyke, Nicholas" id="VN0006"/>
    <auth:candidate name="Veeder, Nicholas" id="VN0007"/>
    <auth:candidate name="Van Wagner, Nicholas" id="VN0008"/>
<auth:candidate name="Van Dyke, Nicholas" id="VN0150"/>
<auth:candidate name="Van Rensselaer, Nicholas" id="VN0350"/>
    <auth:candidate name="Van Benthuysen, O. R." id="VO0000"/>
    <auth:candidate name="Van Rennsselaer, Oman" id="VO0001"/>
    <auth:candidate name="Van Tuyl, Otto William" id="VO0002"/>
    
    <auth:candidate name="Vandever, Peter" id="VP0000"/>
    <auth:candidate name="Vredenburgh, Peter" id="VP0001"/>
    <auth:candidate name="Vroom, Peter D." id="VP0002"/>
    <auth:candidate name="Vosburgh, Peter J." id="VP0003"/>
    <auth:candidate name="Valentine, Peter" id="VP0004"/>
    <auth:candidate name="Varnum, Phinchas" id="VP0005"/>
    <auth:candidate name="Van Alstyne, Peter" id="VP0006"/>
    <auth:candidate name="Van Rensselaer, Philip" id="VP0007"/>
    <auth:candidate name="Vanderhoof, P. E." id="VP0008"/>
    <auth:candidate name="Van Bussum, Philip" id="VP0009"/>
    <auth:candidate name="Virgin, Peter C." id="VP0010"/>
    <auth:candidate name="Vrooman, Peter" id="VP0011"/>
    <auth:candidate name="Vandervoort, Peter" id="VP0012"/>
    <auth:candidate name="Van Duerson, Peter" id="VP0013"/>
    <auth:candidate name="Van Wyck, P. S." id="VP0014"/>
    <auth:candidate name="Van Gaasbeck, Peter" id="VP0015"/>
    <auth:candidate name="Voorhis, Peter" id="VP0016"/>
    <auth:candidate name="Veeder, Peter V." id="VP0017"/>
    <auth:candidate name="Vrooman, Peter, Jr." id="VP0018"/>
    <auth:candidate name="V. Rensselaer, P. P." id="VP0019"/>
    <auth:candidate name="Veeder, Peter C." id="VP0020"/>
    <auth:candidate name="Varnum, Parker" id="VP0021"/>
    <auth:candidate name="Vasmens, Parker" id="VP0022"/>
    <auth:candidate name="Vandervoort, Paul" id="VP0023"/>
    <auth:candidate name="Van Antwerp, Peter" id="VP0024"/>
    <auth:candidate name="Van Alen, Peter" id="VP0025"/>
    <auth:candidate name="Van Vleck, Peter" id="VP0026"/>
    <auth:candidate name="Van Olinda, Peter" id="VP0027"/>
    <auth:candidate name="Vandervoort, Peter" id="VP0028"/>
    <auth:candidate name="Van Buren, Peter" id="VP0029"/>
    <auth:candidate name="Van Vactan, Philip" id="VP0030"/>
    <auth:candidate name="Van Planck, Phillip" id="VP0031"/>
    <auth:candidate name="Van Wyck, Pierre" id="VP0032"/>
    <auth:candidate name="Van Hoesen, Peter I." id="VP0033"/>
    <auth:candidate name="Vanderburgh, Peter" id="VP0034"/>
    <auth:candidate name="Van Loon, Peter" id="VP0035"/>
    <auth:candidate name="Vanderbelt, Peter, Jr." id="VP0036"/>
<auth:candidate name="Van Allen, Peter L." id="VP0101"/>
<auth:candidate name="Van Alstyne, Peter" id="VP0102"/>
<auth:candidate name="Van Alstyne, Philip V." id="VP0104"/>
<auth:candidate name="Van Arden, Peter" id="VP0105"/>
<auth:candidate name="Van Bergen, Peter A." id="VP0106"/>
<auth:candidate name="Van Cortland, Pierre, Jr." id="VP0107"/>
<auth:candidate name="Van Schaick, Peter" id="VP0108"/>
<auth:candidate name="Van Cortlandt, Philip" id="VP0110"/>
<auth:candidate name="Van Orden, Peter S." id="VP0200"/>
<auth:candidate name="Van Ness, Peter" id="VP0250"/>
    <auth:candidate name="Vose, Roger" id="VR0000"/>
    <auth:candidate name="Varick, R." id="VR0001"/>
    <auth:candidate name="Vose, Robert C." id="VR0002"/>
    <auth:candidate name="Van Sailair, R." id="VR0003"/>
    <auth:candidate name="Voris, Richard R." id="VR0004"/>
    <auth:candidate name="Vanderpool, Rober" id="VR0005"/>
    <auth:candidate name="Vanhosen, Rotchil" id="VR0006"/>
    <auth:candidate name="Vance, Robert B." id="VR0007"/>
    <auth:candidate name="Vail, Robert" id="VR0008"/>
    <auth:candidate name="Van Rensselaer, Robert H." id="VR0009"/>
    <auth:candidate name="Vorio, Ralph" id="VR0010"/>
    <auth:candidate name="Vaux, Robert" id="VR0011"/>
    <auth:candidate name="Van Meter, Robert H." id="VR0012"/>
    <auth:candidate name="Vicent, Reuben" id="VR0013"/>
    <auth:candidate name="Vanderhorst, Richard Withers" id="VR0014"/>
    <auth:candidate name="Van Rensselaer, Robert" id="VR0015"/>
    <auth:candidate name="Venables, Richard N." id="VR0016"/>
    <auth:candidate name="Varick, Richard" id="VR0017"/>
<auth:candidate name="Van Hook, Robert" id="VR0101"/>
<auth:candidate name="Van Horn, Richard" id="VR0102"/>
<auth:candidate name="Van Houten, Rulef C." id="VR0120"/>
    <auth:candidate name="Vigus, Sylvanus" id="VS0000"/>
    <auth:candidate name="Vance, Samuel C." id="VS0001"/>
    <auth:candidate name="Vansant, Stephen" id="VS0002"/>
    <auth:candidate name="Veeder, Simon" id="VS0003"/>
    <auth:candidate name="Ver Plank, Samuel" id="VS0004"/>
    <auth:candidate name="Veeder, Silas" id="VS0005"/>
    <auth:candidate name="Vanbrackel, Stephen" id="VS0006"/>
    <auth:candidate name="Varey, Samuel" id="VS0007"/>
    <auth:candidate name="Ver Valin, Samuel" id="VS0008"/>
    <auth:candidate name="Van Antwerp, Simon" id="VS0009"/>
    <auth:candidate name="Van Rensselaer, Schuyler" id="VS0010"/>
    <auth:candidate name="Vose, Solomon" id="VS0011"/>
    <auth:candidate name="Verbryck, Samuel G." id="VS0012"/>
    <auth:candidate name="Van Duersen, Staats" id="VS0013"/>
    <auth:candidate name="Van Orden, Samuel S." id="VS0014"/>
    <auth:candidate name="Veeder, Simon A." id="VS0015"/>
    <auth:candidate name="Van Deursen, Staats" id="VS0016"/>
    <auth:candidate name="Vinton, Samuel F." id="VS0017"/>
    <auth:candidate name="Vines, Samuel" id="VS0018"/>
    <auth:candidate name="Volans, Samuel" id="VS0019"/>
    <auth:candidate name="Vinson, Samuel" id="VS0020"/>
    <auth:candidate name="Varnum, Strong" id="VS0021"/>
    <auth:candidate name="Van Duzer, Selah" id="VS0022"/>
    <auth:candidate name="Verdier, Simon" id="VS0023"/>
    <auth:candidate name="Viele, Simeon" id="VS0024"/>
    <auth:candidate name="Van Antwerp, Simon J." id="VS0025"/>
    <auth:candidate name="Van Arnam, Simon" id="VS0026"/>
    <auth:candidate name="Vance, Samuel" id="VS0027"/>
    <auth:candidate name="Van Alen, Stephen" id="VS0028"/>
    <auth:candidate name="Van Hogeboom, Stephen" id="VS0029"/>
    <auth:candidate name="Vanderzee, Storm A." id="VS0030"/>
    <auth:candidate name="Van Lone, Stephen" id="VS0031"/>
    <auth:candidate name="Vienna, Saint Johurori" id="VS0032"/>
<auth:candidate name="Venable, Samuel W." id="VS0035"/>
<auth:candidate name="Van Court, Samuel" id="VS0101"/>
<auth:candidate name="Van Rensselaer, Solomon" id="VS0350"/>
<auth:candidate name="Van Rensselaer, Stephen" id="VS0351"/>
    <auth:candidate name="Veazey, Thomas W." id="VT0000"/>
    <auth:candidate name="Vallandigham, Thomas D." id="VT0001"/>
    <auth:candidate name="Van Scoyk, Tobias" id="VT0002"/>
    <auth:candidate name="Vantuyl, T. B." id="VT0003"/>
    <auth:candidate name="Van Wyck, Theodorus W." id="VT0004"/>
    <auth:candidate name="Van Vechten, Teunis" id="VT0005"/>
    <auth:candidate name="Vickror, Thomas" id="VT0006"/>
    <auth:candidate name="Vandever, Thomas" id="VT0007"/>
    <auth:candidate name="Vose, Thomas" id="VT0008"/>
    <auth:candidate name="Van Slyck, Tunis P." id="VT0009"/>
    <auth:candidate name="Vanderpool, Thomas" id="VT0010"/>
    <auth:candidate name="Van Gaasbeck, Thomas" id="VT0011"/>
    <auth:candidate name="Veeder, Thomas" id="VT0012"/>
    <auth:candidate name="Van Gaasbeck, Thomas, Jr." id="VT0011"/>
    <auth:candidate name="Van Vanderveer, Tunis" id="VT0012"/>
    <auth:candidate name="Van Pelt, Thomas" id="VT0013"/>
    <auth:candidate name="Van Kirk, Thomas" id="VT0014"/>
<auth:candidate name="Van Horn, Thomas B." id="VT0200"/>
<auth:candidate name="Van Wyck, Theodorus R." id="VT0300"/>
<auth:candidate name="Van Swearingen, Thomas" id="VT0301"/>
    <auth:candidate name="Vastine Jamison, Van de" id="VV0000"/>
    <auth:candidate name="Veeder, Volkert" id="VV0001"/>
    <auth:candidate name="Van Rensselaer, Volkert P." id="VV0002"/>

    <auth:candidate name="Vowter, William" id="VW0000"/>
    <auth:candidate name="Verplanck, William B." id="VW0001"/>
    <auth:candidate name="Vliet, William" id="VW0002"/>
    <auth:candidate name="Van Duren, William" id="VW0003"/>
    <auth:candidate name="Vance, William" id="VW0004"/>
    <auth:candidate name="Vridenburgh, William J." id="VW0005"/>
    <auth:candidate name="Vance, William" id="VW0006"/>
    <auth:candidate name="Van Landt, Wynant"  id="VW0007"/>
    <auth:candidate name="Vandegrift, W."  id="VW0008"/>
    <auth:candidate name="Van Phul, William"  id="VW0009"/>
    <auth:candidate name="Volmer, William A."  id="VW0010"/>
    <auth:candidate name="Verser, William"  id="VW0011"/>
    <auth:candidate name="Vance, William" id="VW0012"/>
    <auth:candidate name="Vandergrift, William B." id="VW0013"/>
    <auth:candidate name="Valentine, William" id="VW0014"/>
    <auth:candidate name="Vereen, William, Jr." id="VW0015"/>
    <auth:candidate name="Vaughn, William" id="VW0016"/>
    <auth:candidate name="Van Duren, William" id="VW0017"/>
    <auth:candidate name="Vaughan, Wilie" id="VW0018"/>
    <auth:candidate name="Veach, William" id="VW0019"/>
    <auth:candidate name="Van Ness, W. P." id="VW0020"/>
    <auth:candidate name="Veetch, William" id="VW0021"/>
    <auth:candidate name="Vick, Willis B." id="VW0022"/>
    <auth:candidate name="Vandergrift, William B." id="VW0023"/>
    <auth:candidate name="Van Lear, William" id="VW0024"/>
    <auth:candidate name="Vaughn, William" id="VW0025"/>
    <auth:candidate name="Van Amringe, W. A." id="VW0026"/>
    <auth:candidate name="Van Denbergh, W. R." id="VW0027"/>
    <auth:candidate name="Van Schaick, Wessel" id="VW0028"/>
    <auth:candidate name="Vandenburgh, Wilhelmus" id="VW0029"/>
    <auth:candidate name="Van Brunt, William" id="VW0030"/>
    <auth:candidate name="Vernum, William" id="VW0031"/>
    <auth:candidate name="Viles, William" id="VW0032"/>
    <auth:candidate name="Van Valkenburgh, William" id="VW0033"/>
    <auth:candidate name="Van Ess, William" id="VW0034"/>
    <auth:candidate name="Van Deusen, William" id="VW0035"/>
    <auth:candidate name="Van Olinda, William" id="VW0036"/>
    <auth:candidate name="Vining, William H." id="VW0037"/>
    <auth:candidate name="Viccary, William" id="VW0038"/>
<auth:candidate name="Van Ness, William W." id="VW0100"/>
<auth:candidate name="Van Benthuisen, William B." id="VW0101"/>
<auth:candidate name="Van Bergen, William" id="VW0102"/>
<auth:candidate name="Van Wyck, William W." id="VW0300"/>
    </names-authority-list>
	