<?xml version="1.0" encoding="UTF-8"?> <names-authority-list xmlns:auth="http://dca.tufts.edu/aas/auth" xmlns:xref="http://dca/tufts.edu/aas/xref">
    
    <auth:candidate name="Zabriskie, Albert C."  id="ZA0000"/>
    <auth:candidate name="Zobriskie, Andrew"  id="ZA0001"/>
    <auth:candidate name="Zobriskie, Abraham"  id="ZA0002"/>
    <auth:candidate name="Zook, Abraham"  id="ZA0003"/>
    <auth:candidate name="Zabriske, Christian"  id="ZC0000"/>
    <auth:candidate name="Zabriskie, Christian"  id="ZC0001"/>
    <auth:candidate name="Zabrinski, Christian I."  id="ZC0002"/>
    <auth:candidate name="Zeilly, David J."  id="ZD0000"/>
    <auth:candidate name="Zeller, Daniel"  id="ZD0002"/>
    <auth:candidate name="Zeigler, Emanuel"  id="ZE0000"/>
    <auth:candidate name="Zane, Ebenezer"  id="ZE0002"/>
    <auth:candidate name="Zabriskie, George"  id="ZG0000"/>
    <auth:candidate name="Zabriskie, George"  id="ZG0001"/>
    <auth:candidate name="Ziegler, George"  id="ZG0002"/>
    <auth:candidate name="Zeigle, Gottlieb"  id="ZG0003"/>
    <auth:candidate name="Zounes, G."  id="ZG0004"/>
    <auth:candidate name="Zane, Isaac"  id="ZI0000"/>
    <auth:candidate name="Zachry, John S."  id="ZJ0000"/>
    <auth:candidate name="Zidecker, John"  id="ZJ0001"/>
    <auth:candidate name="Zinn, John"  id="ZJ0002"/>
    <auth:candidate name="Zeller, Jacob"  id="ZJ0003"/>
    <auth:candidate name="Zenor, Jacob"  id="ZJ0004"/>
    <auth:candidate name="Zane, Joseph"  id="ZJ0005"/>
    <auth:candidate name="Zellers, Jacob"  id="ZJ0006"/>
    <auth:candidate name="Zank, Jacob"  id="ZJ0007"/>
    <auth:candidate name="Zell, Jacob S."  id="ZJ0008"/>
    <auth:candidate name="Ziegler, Jacob"  id="ZJ0009"/>
    <auth:candidate name="Zehner, Jacob"  id="ZJ0010"/>
    <auth:candidate name="Zeimer, John"  id="ZJ0011"/>
    <auth:candidate name="Zoll, Joseph"  id="ZJ0012"/>
    <auth:candidate name="Zeirn, John"  id="ZJ0013"/>
    <auth:candidate name="Zimmerman, Michael"  id="ZM0000"/>
    <auth:candidate name="Zane, Noah"  id="ZN0000"/>
    <auth:candidate name="Zimmerman, Philip"  id="ZP0000"/>
    <auth:candidate name="Zantzinger, Paul"  id="ZP0001"/>
    <auth:candidate name="Zeiber, Philip"  id="ZP0002"/>
    <auth:candidate name="Zieber, Philip"  id="ZP0003"/>
    <auth:candidate name="Zeller, Philip"  id="ZP0004"/>
    <auth:candidate name="Zollinger, Peter"  id="ZP0010"/>
    <auth:candidate name="Zimmerman, Sebastian"  id="ZS0000"/>
    <auth:candidate name="Zeigler, Samuel"  id="ZS0001"/>
    <auth:candidate name="Zantzinger, Thomas B."  id="ZT0000"/>
    <auth:candidate name="Zeigler, Valentine"  id="ZV0000"/>
    <auth:candidate name="Zimmerman, William"  id="ZW0000"/>
    <auth:candidate name="Zollickoffer, William"  id="ZW0001"/>
    <auth:candidate name="Zinn, William B."  id="ZW0002"/>
    <auth:candidate name="Zernigan, William"  id="ZW0003"/>
</names-authority-list>